Crystal Palace 0 : 2 Southampton,"[u'Joel Ward', u'6.5']","[u'Connor Wickham', u'6.2']","[u'Max Meyer', u'6.1']","[u'Vicente Guaita', u'6.0']","[u'Martin Kelly', u'6.3']","[u'James Tomkins', u'7.1']","[u'Gary Cahill', u'6.5']","[u'Jairo Riedewald', u'6.7']","[u'Jordan Ayew', u'6.6']","[u'James McCarthy', u'6.3']","[u'Cheikhou Kouyat\xe9', u'7.1']","[u'James McArthur', u'6.3']","[u'Wilfried Zaha', u'6.7']","[u'Cenk Tosun', u'5.9']","[u'Alex McCarthy', u'6.4']","[u'C\xe9dric Soares', u'6.4']","[u'Jannik Vestergaard', u'7.1']","[u'Jack Stephens', u'7.1']","[u'Ryan Bertrand', u'7.5']","[u'Stuart Armstrong', u'7.9']","[u'Pierre-Emile H\xf8jbjerg', u'7.0']","[u'James Ward-Prowse', u'8.1']","[u'Nathan Redmond', u'9.0']","[u'Michael Obafemi', u'7.7']","[u'Shane Long', u'6.3']","[u'Che Adams', u'6.1']","[u'Danny Ings', u'5.9']","[u'Oriol Romeu', u'7.6']"
Crystal Palace 0 : 2 Southampton,"[u'Joel Ward', u'6.5']","[u'Connor Wickham', u'6.2']","[u'Max Meyer', u'6.1']","[u'Vicente Guaita', u'6.0']","[u'Martin Kelly', u'6.3']","[u'James Tomkins', u'7.1']","[u'Gary Cahill', u'6.5']","[u'Jairo Riedewald', u'6.7']","[u'Jordan Ayew', u'6.6']","[u'James McCarthy', u'6.3']","[u'Cheikhou Kouyat\xe9', u'7.1']","[u'James McArthur', u'6.3']","[u'Wilfried Zaha', u'6.7']","[u'Cenk Tosun', u'5.9']","[u'Alex McCarthy', u'6.4']","[u'C\xe9dric Soares', u'6.4']","[u'Jannik Vestergaard', u'7.1']","[u'Jack Stephens', u'7.1']","[u'Ryan Bertrand', u'7.5']","[u'Stuart Armstrong', u'7.9']","[u'Pierre-Emile H\xf8jbjerg', u'7.0']","[u'James Ward-Prowse', u'8.1']","[u'Nathan Redmond', u'9.0']","[u'Michael Obafemi', u'7.7']","[u'Shane Long', u'6.3']","[u'Che Adams', u'6.1']","[u'Danny Ings', u'5.9']","[u'Oriol Romeu', u'7.6']"
Sheffield United 0 : 1 Manchester City,"[u'Dean Henderson', u'8.0']","[u'John Egan', u'6.1']","[u'Chris Basham', u'6.0']","[u""Jack O'Connell"", u'7.0']","[u'George Baldock', u'7.0']","[u'Enda Stevens', u'7.2']","[u'Muhamed Besic', u'6.3']","[u'John Fleck', u'6.3']","[u'Oliver Norwood', u'6.2']","[u'Billy Sharp', u'6.3']","[u'Oliver McBurnie', u'6.7']","[u'Lys Mousset', u'5.9']","[u'Callum Robinson', u'6.1']","[u'John Lundstram', u'6.0']","[u'Ederson', u'7.1']","[u'Nicol\xe1s Otamendi', u'7.7']","[u'Fernandinho', u'7.9']","[u'Aymeric Laporte', u'7.0']","[u'Kyle Walker', u'6.7']","[u'Oleksandr Zinchenko', u'6.9']","[u'Kevin De Bruyne', u'7.8']","[u'Rodrigo', u'7.3']","[u'Riyad Mahrez', u'7.5']","[u'Raheem Sterling', u'6.2']","[u'Gabriel Jesus', u'6.0']","[u'Sergio Ag\xfcero', u'7.1']","[u'Bernardo Silva', u'6.0']","[u'Eric Garc\xeda', u'6.4']"
Everton 2 : 2 Newcastle United,"[u'Tom Davies', u'5.8']","[u'Oumar Niasse', u'5.8']","[u'S\xe9amus Coleman', u'6.1']","[u'Jordan Pickford', u'6.0']","[u'Djibril Sidib\xe9', u'6.8']","[u'Yerry Mina', u'6.4']","[u'Mason Holgate', u'7.0']","[u'Lucas Digne', u'7.5']","[u'Theo Walcott', u'7.5']","[u'Morgan Schneiderlin', u'7.5']","[u'Fabian Delph', u'6.6']","[u'Bernard', u'7.6']","[u'Moise Kean', u'8.4']","[u'Dominic Calvert-Lewin', u'8.0']","[u'Martin Dubravka', u'7.0']","[u'Isaac Hayden', u'7.3']","[u'Federico Fern\xe1ndez', u'6.6']","[u'Ciaran Clark', u'6.3']","[u'Jamaal Lascelles', u'6.7']","[u'Matt Ritchie', u'6.3']","[u'Miguel Almir\xf3n', u'6.0']","[u'Sean Longstaff', u'6.3']","[u'Matthew Longstaff', u'6.3']","[u'Christian Atsu', u'6.0']","[u'Joelinton', u'6.4']","[u'Fabian Sch\xe4r', u'6.7']","[u'Emil Krafth', u'6.2']","[u'Florian Lejeune', u'8.1']"
Bournemouth 3 : 1 Brighton
Aston Villa 2 : 1 Watford,"[u'Indiana Vassilev', u'6.1']","[u'Douglas Luiz', u'7.1']","[u'Pepe Reina', u'6.8']","[u'Ezri Konsa Ngoyo', u'7.0']","[u'Kortney Hause', u'7.7']","[u'Tyrone Mings', u'7.6']","[u'Frederic Guilbert', u'7.0']","[u'Matt Targett', u'7.0']","[u'Marvelous Nakamba', u'6.8']","[u'Daniel Drinkwater', u'5.8']","[u'Tr\xe9z\xe9guet', u'6.8']","[u'Anwar El Ghazi', u'6.5']","[u'Jack Grealish', u'7.5']","[u'Ben Foster', u'6.1']","[u'Adrian Mariappa', u'7.3']","[u'Craig Dawson', u'6.3']","[u'Craig Cathcart', u'6.6']","[u'Adam Masina', u'7.1']","[u'Etienne Capoue', u'6.8']","[u'Nathaniel Chalobah', u'7.1']","[u'Roberto Pereyra', u'6.8']","[u'Abdoulaye Doucour\xe9', u'6.5']","[u'Gerard Deulofeu', u'7.1']","[u'Troy Deeney', u'7.2']","[u'Andre Gray', u'5.8']","[u'Christian Kabasele', u'6.0']","[u'Ignacio Pussetto', u'6.6']"
Chelsea 2 : 2 Arsenal
Tottenham 2 : 1 Norwich,"[u'Eric Dier', u'6.5']","[u'Gedson Fernandes', u'6.1']","[u'Christian Eriksen', u'6.3']","[u'Hugo Lloris', u'6.3']","[u'Serge Aurier', u'7.8']","[u'Jan Vertonghen', u'6.4']","[u'Toby Alderweireld', u'6.4']","[u'Ryan Sessegnon', u'6.3']","[u'Giovani Lo Celso', u'7.8']","[u'Harry Winks', u'6.7']","[u'Erik Lamela', u'6.8']","[u'Dele Alli', u'7.6']","[u'Son Heung-Min', u'6.6']","[u'Lucas Moura', u'7.0']","[u'Tim Krul', u'5.9']","[u'Max Aarons', u'7.5']","[u'Christoph Zimmermann', u'6.6']","[u'Grant Hanley', u'6.8']","[u'Sam Byram', u'6.5']","[u'Alexander Tettey', u'6.7']","[u'Kenny McLean', u'6.8']","[u'Lukas Rupp', u'5.8']","[u'Ondrej Duda', u'7.2']","[u'Todd Cantwell', u'7.0']","[u'Teemu Pukki', u'7.0']","[u'Josip Drmic', u'6.1']","[u'Marco Stiepermann', u'6.0']","[u'Onel Hern\xe1ndez', u'6.0']"
Leicester 4 : 1 West Ham,"[u'Kasper Schmeichel', u'6.6']","[u'Ricardo Pereira', u'8.9']","[u'\xc7aglar S\xf6y\xfcnc\xfc', u'7.5']","[u'Jonny Evans', u'6.5']","[u'Ben Chilwell', u'7.3']","[u'Nampalys Mendy', u'6.8']","[u'Ayoze P\xe9rez', u'8.5']","[u'Youri Tielemans', u'6.7']","[u'James Maddison', u'7.1']","[u'Harvey Barnes', u'8.4']","[u'Jamie Vardy', u'6.8']","[u'Wes Morgan', u'6.2']","[u'Kelechi Iheanacho', u'7.1']","[u'Wilfred Ndidi', u'6.4']","[u'Darren Randolph', u'6.3']","[u'Pablo Zabaleta', u'5.6']","[u'Issa Diop', u'6.2']","[u'Angelo Ogbonna', u'5.1']","[u'Aaron Cresswell', u'6.1']","[u'Arthur Masuaku', u'6.0']","[u'Declan Rice', u'6.1']","[u'Mark Noble', u'6.7']","[u'Robert Snodgrass', u'6.1']","[u'Manuel Lanzini', u'5.9']","[u'S\xe9bastien Haller', u'7.2']","[u'Pablo Fornals', u'6.4']","[u'Michail Antonio', u'6.4']"
Manchester United 0 : 2 Burnley
Wolverhampton Wanderers 1 : 2 Liverpool,"[u'Rui Patr\xedcio', u'6.9']","[u'Leander Dendoncker', u'6.6']","[u'Romain Sa\xefss', u'6.7']","[u'Conor Coady', u'6.0']","[u'Matt Doherty', u'6.6']","[u'R\xfaben Neves', u'7.3']","[u'Jo\xe3o Moutinho', u'5.9']","[u'Jonny', u'6.1']","[u'Pedro Neto', u'6.7']","[u'Ra\xfal Jim\xe9nez', u'7.8']","[u'Adama Traor\xe9', u'8.0']","[u'Diogo Jota', u'5.9']","[u'Morgan Gibbs-White', u'6.1']","[u'Alisson', u'6.7']","[u'Trent Alexander-Arnold', u'7.4']","[u'Virgil van Dijk', u'6.7']","[u'Joseph Gomez', u'6.9']","[u'Andrew Robertson', u'6.5']","[u'Georginio Wijnaldum', u'6.3']","[u'Jordan Henderson', u'8.2']","[u'Alex Oxlade-Chamberlain', u'6.5']","[u'Mohamed Salah', u'7.5']","[u'Roberto Firmino', u'7.9']","[u'Sadio Man\xe9', u'6.5']","[u'Divock Origi', u'6.1']","[u'Fabinho', u'6.1']","[u'Takumi Minamino', u'6.4']"
Watford 0 : 0 Tottenham,"[u'Ignacio Pussetto', u'6.8']","[u'Roberto Pereyra', u'6.0']","[u'Ben Foster', u'7.5']","[u'Adrian Mariappa', u'6.4']","[u'Craig Dawson', u'7.2']","[u'Craig Cathcart', u'7.0']","[u'Adam Masina', u'6.8']","[u'Etienne Capoue', u'7.4']","[u'Nathaniel Chalobah', u'6.8']","[u'Ismaila Sarr', u'7.1']","[u'Abdoulaye Doucour\xe9', u'6.5']","[u'Gerard Deulofeu', u'7.8']","[u'Troy Deeney', u'7.5']","[u'Paulo Gazzaniga', u'7.7']","[u'Serge Aurier', u'7.8']","[u'Toby Alderweireld', u'7.1']","[u'Jan Vertonghen', u'6.7']","[u'Japhet Tanganga', u'7.1']","[u'Giovani Lo Celso', u'7.0']","[u'Dele Alli', u'7.1']","[u'Harry Winks', u'6.3']","[u'Erik Lamela', u'6.4']","[u'Lucas Moura', u'6.7']","[u'Son Heung-Min', u'7.4']","[u'Gedson Fernandes', u'6.1']","[u'Christian Eriksen', u'6.5']"
West Ham 1 : 1 Everton
Arsenal 1 : 1 Sheffield United
Brighton 1 : 1 Aston Villa
Manchester City 2 : 2 Crystal Palace
Norwich 1 : 0 Bournemouth
Southampton 2 : 3 Wolverhampton Wanderers
Newcastle United 1 : 0 Chelsea
Burnley 2 : 1 Leicester
Liverpool 2 : 0 Manchester United
Sheffield United 1 : 0 West Ham,"[u'Billy Sharp', u'6.0']","[u'Lys Mousset', u'6.2']","[u'Muhamed Besic', u'6.5']","[u'Dean Henderson', u'7.1']","[u'John Egan', u'6.1']","[u'Chris Basham', u'6.9']","[u""Jack O'Connell"", u'6.9']","[u'George Baldock', u'7.6']","[u'Enda Stevens', u'7.4']","[u'John Lundstram', u'7.5']","[u'John Fleck', u'7.8']","[u'Oliver Norwood', u'7.2']","[u'David McGoldrick', u'6.3']","[u'Oliver McBurnie', u'8.0']","[u'Lukasz Fabianski', u'6.5']","[u'Angelo Ogbonna', u'6.3']","[u'Fabi\xe1n Balbuena', u'6.2']","[u'Aaron Cresswell', u'6.7']","[u'Pablo Zabaleta', u'6.7']","[u'Arthur Masuaku', u'6.6']","[u'Declan Rice', u'7.1']","[u'Mark Noble', u'6.2']","[u'Manuel Lanzini', u'7.1']","[u'Felipe Anderson', u'7.0']","[u'S\xe9bastien Haller', u'7.4']","[u'Robert Snodgrass', u'6.3']","[u'David Martin', u'5.4']","[u'Pablo Fornals', u'6.1']"
Crystal Palace 1 : 1 Arsenal
Everton 1 : 0 Brighton,"[u'Fabian Delph', u'6.1']","[u'S\xe9amus Coleman', u'6.5']","[u'Yerry Mina', u'6.2']","[u'Jordan Pickford', u'6.9']","[u'Djibril Sidib\xe9', u'6.7']","[u'Mason Holgate', u'7.5']","[u'Michael Keane', u'7.7']","[u'Lucas Digne', u'7.7']","[u'Theo Walcott', u'6.6']","[u'Gylfi Sigurdsson', u'7.2']","[u'Tom Davies', u'7.0']","[u'Bernard', u'7.4']","[u'Richarlison', u'8.8']","[u'Dominic Calvert-Lewin', u'6.5']","[u'Mat Ryan', u'7.3']","[u'Shane Duffy', u'6.7']","[u'Adam Webster', u'6.2']","[u'Lewis Dunk', u'6.9']","[u'Mart\xedn Montoya', u'6.3']","[u'Bernardo', u'6.7']","[u'Davy Pr\xf6pper', u'6.4']","[u'Dale Stephens', u'6.2']","[u'Alireza Jahanbakhsh', u'6.0']","[u'Neal Maupay', u'5.9']","[u'Leandro Trossard', u'7.1']","[u'Glenn Murray', u'6.0']","[u'Pascal Gro\xdf', u'6.6']","[u'Steven Alzate', u'6.8']"
Leicester 1 : 2 Southampton,"[u'Demarai Gray', u'6.2']","[u'Kelechi Iheanacho', u'6.0']","[u'Youri Tielemans', u'6.1']","[u'Kasper Schmeichel', u'7.2']","[u'Ricardo Pereira', u'7.0']","[u'\xc7aglar S\xf6y\xfcnc\xfc', u'7.3']","[u'Jonny Evans', u'7.1']","[u'Ben Chilwell', u'6.3']","[u'Hamza Choudhury', u'6.8']","[u'Ayoze P\xe9rez', u'6.3']","[u'Dennis Praet', u'7.0']","[u'James Maddison', u'5.9']","[u'Harvey Barnes', u'6.1']","[u'Jamie Vardy', u'6.8']","[u'Alex McCarthy', u'7.3']","[u'C\xe9dric Soares', u'7.2']","[u'Jan Bednarek', u'6.9']","[u'Jack Stephens', u'6.3']","[u'Ryan Bertrand', u'7.0']","[u'Stuart Armstrong', u'8.2']","[u'Pierre-Emile H\xf8jbjerg', u'6.8']","[u'James Ward-Prowse', u'6.8']","[u'Nathan Redmond', u'7.4']","[u'Shane Long', u'7.2']","[u'Danny Ings', u'8.1']","[u'Che Adams', u'6.8']","[u'Oriol Romeu', u'6.0']","[u'Moussa Djenepo', u'6.1']"
Manchester United 4 : 0 Norwich,"[u'Daniel James', u'6.4']","[u'Angel Gomes', u'6.3']","[u'Mason Greenwood', u'7.3']","[u'David de Gea', u'7.3']","[u'Aaron Wan-Bissaka', u'7.2']","[u'Victor Lindel\xf6f', u'7.1']","[u'Harry Maguire', u'7.9']","[u'Brandon Williams', u'8.2']","[u'Fred', u'7.3']","[u'Nemanja Matic', u'7.7']","[u'Juan Mata', u'8.3']","[u'Andreas Pereira', u'7.3']","[u'Marcus Rashford', u'8.5']","[u'Anthony Martial', u'7.8']","[u'Tim Krul', u'4.3']","[u'Max Aarons', u'5.7']","[u'Christoph Zimmermann', u'6.7']","[u'Grant Hanley', u'6.4']","[u'Sam Byram', u'6.4']","[u'Mario Vrancic', u'5.9']","[u'Alexander Tettey', u'5.9']","[u'Emiliano Buend\xeda', u'6.9']","[u'Kenny McLean', u'6.1']","[u'Todd Cantwell', u'6.8']","[u'Adam Idah', u'5.8']","[u'Jamal Lewis', u'5.9']","[u'Onel Hern\xe1ndez', u'6.3']","[u'Ibrahim Amadou', u'6.3']"
Chelsea 3 : 0 Burnley,"[u'Kepa Arrizabalaga', u'6.9']","[u'Reece James', u'7.7']","[u'Andreas Christensen', u'7.2']","[u'Antonio R\xfcdiger', u'7.2']","[u'C\xe9sar Azpilicueta', u'8.2']","[u'Jorginho', u'7.0']","[u'Ross Barkley', u'7.7']","[u'Mason Mount', u'7.9']","[u'Callum Hudson-Odoi', u'7.8']","[u'Tammy Abraham', u'7.9']","[u'Willian', u'8.2']","[u'Nick Pope', u'5.5']","[u'Matthew Lowton', u'5.5']","[u'Ben Mee', u'6.5']","[u'James Tarkowski', u'6.0']","[u'Charlie Taylor', u'5.9']","[u'Aaron Lennon', u'6.3']","[u'Ashley Westwood', u'6.0']","[u'Jack Cork', u'6.1']","[u'Dwight McNeil', u'7.4']","[u'Jeff Hendrick', u'6.2']","[u'Chris Wood', u'6.7']","[u'Matej Vydra', u'5.9']"
Wolverhampton Wanderers 1 : 1 Newcastle United,"[u'R\xfaben Vinagre', u'6.2']","[u'Rui Patr\xedcio', u'5.8']","[u'Leander Dendoncker', u'7.5']","[u'Romain Sa\xefss', u'7.4']","[u'Conor Coady', u'6.5']","[u'Matt Doherty', u'6.2']","[u'Jonny', u'6.8']","[u'R\xfaben Neves', u'6.4']","[u'Jo\xe3o Moutinho', u'7.2']","[u'Adama Traor\xe9', u'7.2']","[u'Ra\xfal Jim\xe9nez', u'6.1']","[u'Pedro Neto', u'6.7']","[u'Martin Dubravka', u'6.5']","[u'Isaac Hayden', u'6.6']","[u'Federico Fern\xe1ndez', u'6.3']","[u'Ciaran Clark', u'6.6']","[u'Paul Dummett', u'6.3']","[u'Jetro Willems', u'6.8']","[u'Joelinton', u'6.2']","[u'Sean Longstaff', u'6.3']","[u'Matthew Longstaff', u'7.2']","[u'Miguel Almir\xf3n', u'8.6']","[u'Dwight Gayle', u'7.3']","[u'Andy Carroll', u'6.1']","[u'Christian Atsu', u'5.9']","[u'Florian Lejeune', u'6.5']"
Tottenham 0 : 1 Liverpool,"[u'Paulo Gazzaniga', u'7.3']","[u'Japhet Tanganga', u'7.4']","[u'Toby Alderweireld', u'6.7']","[u'Davinson S\xe1nchez', u'6.8']","[u'Danny Rose', u'6.0']","[u'Serge Aurier', u'7.1']","[u'Christian Eriksen', u'6.8']","[u'Harry Winks', u'6.5']","[u'Son Heung-Min', u'6.4']","[u'Lucas Moura', u'7.1']","[u'Dele Alli', u'6.3']","[u'Erik Lamela', u'6.6']","[u'Giovani Lo Celso', u'5.9']","[u'Alisson', u'7.4']","[u'Trent Alexander-Arnold', u'7.4']","[u'Virgil van Dijk', u'7.4']","[u'Joseph Gomez', u'7.3']","[u'Andrew Robertson', u'6.8']","[u'Georginio Wijnaldum', u'7.2']","[u'Alex Oxlade-Chamberlain', u'6.7']","[u'Jordan Henderson', u'7.0']","[u'Mohamed Salah', u'7.3']","[u'Roberto Firmino', u'7.9']","[u'Sadio Man\xe9', u'7.3']","[u'Divock Origi', u'6.9']","[u'Xherdan Shaqiri', u'6.2']","[u'Adam Lallana', u'6.6']"
Bournemouth 0 : 3 Watford
Aston Villa 1 : 6 Manchester City,"[u'Henri Lansbury', u'6.0']","[u'Marvelous Nakamba', u'6.3']","[u'Tr\xe9z\xe9guet', u'6.9']","[u'\xd8rjan Nyland', u'5.3']","[u'Ahmed El Mohamady', u'6.2']","[u'Ezri Konsa Ngoyo', u'5.6']","[u'Kortney Hause', u'5.2']","[u'Tyrone Mings', u'5.9']","[u'Neil Taylor', u'5.5']","[u'Douglas Luiz', u'5.8']","[u'Conor Hourihane', u'5.8']","[u'Daniel Drinkwater', u'5.0']","[u'Anwar El Ghazi', u'6.5']","[u'Jack Grealish', u'6.6']","[u'Ederson', u'6.1']","[u'Jo\xe3o Cancelo', u'8.5']","[u'Fernandinho', u'6.7']","[u'John Stones', u'6.8']","[u'Benjamin Mendy', u'6.9']","[u'Kevin De Bruyne', u'8.0']","[u'Rodrigo', u'7.5']","[u'David Silva', u'7.8']","[u'Riyad Mahrez', u'10']","[u'Sergio Ag\xfcero', u'10']","[u'Gabriel Jesus', u'8.9']","[u'Phil Foden', u'6.3']","[u'Ilkay G\xfcndogan', u'5.9']","[u'Nicol\xe1s Otamendi', u'6.3']"
Brighton 1 : 1 Chelsea
Burnley 1 : 2 Aston Villa
Newcastle United 0 : 3 Leicester
Southampton 1 : 0 Tottenham
Watford 2 : 1 Wolverhampton Wanderers
Norwich 1 : 1 Crystal Palace,"[u'Adam Idah', u'6.0']","[u'Marco Stiepermann', u'5.8']","[u'Onel Hern\xe1ndez', u'6.2']","[u'Tim Krul', u'6.5']","[u'Max Aarons', u'6.7']","[u'Christoph Zimmermann', u'7.1']","[u'Grant Hanley', u'6.8']","[u'Sam Byram', u'7.1']","[u'Mario Vrancic', u'6.8']","[u'Alexander Tettey', u'6.4']","[u'Emiliano Buend\xeda', u'9.6']","[u'Kenny McLean', u'7.1']","[u'Todd Cantwell', u'7.7']","[u'Teemu Pukki', u'6.2']","[u'Vicente Guaita', u'6.5']","[u'Martin Kelly', u'6.1']","[u'Mamadou Sakho', u'6.0']","[u'James Tomkins', u'6.5']","[u'Jairo Riedewald', u'6.2']","[u'Max Meyer', u'6.3']","[u'James McCarthy', u'7.1']","[u'Luka Milivojevic', u'6.4']","[u'James McArthur', u'6.4']","[u'Wilfried Zaha', u'6.9']","[u'Jordan Ayew', u'6.9']","[u'Brandon Pierrick', u'6.2']","[u'Connor Wickham', u'7.5']","[u'Cheikhou Kouyat\xe9', u'6.5']"
West Ham 4 : 0 Bournemouth,"[u'Arthur Masuaku', u'6.4']","[u'Manuel Lanzini', u'6.3']","[u'Lukasz Fabianski', u'7.1']","[u'Ryan Fredericks', u'8.5']","[u'Angelo Ogbonna', u'7.3']","[u'Fabi\xe1n Balbuena', u'7.2']","[u'Aaron Cresswell', u'7.0']","[u'Robert Snodgrass', u'7.8']","[u'Declan Rice', u'8.0']","[u'Mark Noble', u'9.2']","[u'Pablo Fornals', u'7.2']","[u'Felipe Anderson', u'7.9']","[u'S\xe9bastien Haller', u'8.3']","[u'Aaron Ramsdale', u'5.9']","[u'Simon Francis', u'5.9']","[u'Steve Cook', u'5.9']","[u'Chris Mepham', u'6.5']","[u'Diego Rico', u'5.6']","[u'Jefferson Lerma', u'6.3']","[u'Dan Gosling', u'5.8']","[u'Lewis Cook', u'7.0']","[u'Harry Wilson', u'5.8']","[u'Callum Wilson', u'6.0']","[u'Dominic Solanke', u'6.2']","[u'Ryan Fraser', u'6.6']","[u'Junior Stanislas', u'6.1']","[u'Jack Simpson', u'6.0']"
Manchester City 2 : 1 Everton
Arsenal 2 : 0 Manchester United
Liverpool 2 : 0 Sheffield United,"[u'Harvey Elliott', u'6.0']","[u'Adam Lallana', u'6.0']","[u'Divock Origi', u'6.2']","[u'Alisson', u'7.0']","[u'Trent Alexander-Arnold', u'7.0']","[u'Virgil van Dijk', u'7.8']","[u'Joseph Gomez', u'6.9']","[u'Andrew Robertson', u'7.8']","[u'Georginio Wijnaldum', u'6.7']","[u'Jordan Henderson', u'7.4']","[u'James Milner', u'7.1']","[u'Mohamed Salah', u'8.1']","[u'Roberto Firmino', u'6.6']","[u'Sadio Man\xe9', u'8.3']","[u'Dean Henderson', u'7.2']","[u'John Egan', u'6.3']","[u'Chris Basham', u'7.1']","[u""Jack O'Connell"", u'6.8']","[u'George Baldock', u'5.1']","[u'Enda Stevens', u'6.2']","[u'John Lundstram', u'5.8']","[u'John Fleck', u'5.9']","[u'Oliver Norwood', u'6.6']","[u'Lys Mousset', u'5.9']","[u'David McGoldrick', u'6.5']","[u'Oliver McBurnie', u'6.2']","[u'Billy Sharp', u'6.3']","[u'Muhamed Besic', u'6.2']"
Tottenham 2 : 1 Brighton,"[u'Eric Dier', u'6.3']","[u'Christian Eriksen', u'6.2']","[u'Giovani Lo Celso', u'6.3']","[u'Paulo Gazzaniga', u'6.8']","[u'Toby Alderweireld', u'6.5']","[u'Jan Vertonghen', u'7.2']","[u'Davinson S\xe1nchez', u'6.2']","[u'Serge Aurier', u'7.6']","[u'Ryan Sessegnon', u'6.0']","[u'Moussa Sissoko', u'6.7']","[u'Harry Winks', u'6.6']","[u'Lucas Moura', u'6.5']","[u'Dele Alli', u'7.4']","[u'Harry Kane', u'8.2']","[u'Mat Ryan', u'6.5']","[u'Shane Duffy', u'6.9']","[u'Adam Webster', u'8.2']","[u'Dan Burn', u'6.7']","[u'Ezequiel Schelotto', u'6.7']","[u'Bernardo', u'7.8']","[u'Steven Alzate', u'7.1']","[u'Dale Stephens', u'6.8']","[u'Aaron Mooy', u'6.9']","[u'Pascal Gro\xdf', u'7.2']","[u'Aaron Connolly', u'6.0']","[u'Yves Bissouma', u'6.4']","[u'Neal Maupay', u'5.9']","[u'Leandro Trossard', u'6.0']"
Aston Villa 1 : 0 Norwich,"[u'Henri Lansbury', u'6.1']","[u'Jota', u'6.0']","[u'Conor Hourihane', u'7.4']","[u'Tom Heaton', u'7.7']","[u'Ahmed El Mohamady', u'6.7']","[u'Ezri Konsa Ngoyo', u'6.9']","[u'Kortney Hause', u'8.1']","[u'Matt Targett', u'7.0']","[u'Douglas Luiz', u'7.3']","[u'Marvelous Nakamba', u'6.7']","[u'Anwar El Ghazi', u'7.1']","[u'Jack Grealish', u'8.4']","[u'Tr\xe9z\xe9guet', u'6.8']","[u'Wesley', u'6.7']","[u'Tim Krul', u'6.0']","[u'Max Aarons', u'7.5']","[u'Christoph Zimmermann', u'6.6']","[u'Grant Hanley', u'6.6']","[u'Sam Byram', u'6.8']","[u'Tom Trybull', u'6.6']","[u'Alexander Tettey', u'6.7']","[u'Emiliano Buend\xeda', u'7.4']","[u'Kenny McLean', u'6.8']","[u'Todd Cantwell', u'6.1']","[u'Teemu Pukki', u'5.7']","[u'Onel Hern\xe1ndez', u'6.2']","[u'Marco Stiepermann', u'6.0']","[u'Mario Vrancic', u'6.1']"
Bournemouth 1 : 1 Arsenal,"[u'Harry Wilson', u'6.5']","[u'Philip Billing', u'6.4']","[u'Aaron Ramsdale', u'6.3']","[u'Jack Stacey', u'7.4']","[u'Steve Cook', u'6.6']","[u'Chris Mepham', u'6.8']","[u'Jack Simpson', u'6.6']","[u'Ryan Fraser', u'6.3']","[u'Jefferson Lerma', u'7.0']","[u'Dan Gosling', u'7.3']","[u'Lewis Cook', u'6.6']","[u'Joshua King', u'6.3']","[u'Callum Wilson', u'6.4']","[u'Bernd Leno', u'7.3']","[u'Ainsley Maitland-Niles', u'6.3']","[u'David Luiz', u'6.7']","[u'Sokratis', u'6.5']","[u'Bukayo Saka', u'6.5']","[u'Granit Xhaka', u'7.2']","[u'Lucas Torreira', u'6.9']","[u'Reiss Nelson', u'6.5']","[u'Mesut \xd6zil', u'6.5']","[u'Pierre-Emerick Aubameyang', u'7.0']","[u'Alexandre Lacazette', u'6.2']","[u'Nicolas P\xe9p\xe9', u'6.6']","[u'Joseph Willock', u'6.2']","[u'Shkodran Mustafi', u'6.2']"
Chelsea 0 : 2 Southampton,"[u'Mason Mount', u'6.7']","[u'Christian Pulisic', u'6.1']","[u'Pedro', u'6.2']","[u'Kepa Arrizabalaga', u'6.0']","[u'Kurt Zouma', u'7.0']","[u'Antonio R\xfcdiger', u'6.4']","[u'Fikayo Tomori', u'7.0']","[u'C\xe9sar Azpilicueta', u'7.0']","[u'Emerson', u'6.3']","[u""N'Golo Kant\xe9"", u'5.9']","[u'Jorginho', u'6.8']","[u'Willian', u'6.5']","[u'Callum Hudson-Odoi', u'6.2']","[u'Tammy Abraham', u'6.1']","[u'Alex McCarthy', u'7.6']","[u'C\xe9dric Soares', u'7.7']","[u'Jan Bednarek', u'7.5']","[u'Jack Stephens', u'7.5']","[u'Ryan Bertrand', u'6.8']","[u'Stuart Armstrong', u'7.4']","[u'Pierre-Emile H\xf8jbjerg', u'7.5']","[u'James Ward-Prowse', u'7.5']","[u'Nathan Redmond', u'7.2']","[u'Michael Obafemi', u'7.4']","[u'Che Adams', u'7.0']","[u'Danny Ings', u'6.2']","[u'Oriol Romeu', u'6.2']","[u'Sofiane Boufal', u'6.1']"
Crystal Palace 2 : 1 West Ham,"[u'Connor Wickham', u'6.4']","[u'Jairo Riedewald', u'6.3']","[u'James McCarthy', u'6.1']","[u'Vicente Guaita', u'6.2']","[u'Martin Kelly', u'6.5']","[u'Mamadou Sakho', u'7.0']","[u'James Tomkins', u'6.8']","[u'Patrick van Aanholt', u'7.0']","[u'Max Meyer', u'6.6']","[u'Cheikhou Kouyat\xe9', u'7.5']","[u'Luka Milivojevic', u'6.5']","[u'James McArthur', u'6.1']","[u'Wilfried Zaha', u'8.2']","[u'Jordan Ayew', u'9.6']","[u'Roberto Jim\xe9nez', u'6.8']","[u'Pablo Zabaleta', u'7.1']","[u'Angelo Ogbonna', u'6.2']","[u'Fabi\xe1n Balbuena', u'6.6']","[u'Aaron Cresswell', u'6.5']","[u'Robert Snodgrass', u'7.2']","[u'Declan Rice', u'7.3']","[u'Mark Noble', u'7.3']","[u'Pablo Fornals', u'6.7']","[u'S\xe9bastien Haller', u'6.5']","[u'Michail Antonio', u'8.1']","[u'Albian Ajeti', u'6.0']","[u'Felipe Anderson', u'6.7']","[u'Manuel Lanzini', u'6.4']"
Everton 1 : 0 Burnley,"[u'Tom Davies', u'6.1']","[u'Theo Walcott', u'6.0']","[u'Moise Kean', u'6.1']","[u'Jordan Pickford', u'6.4']","[u'Yerry Mina', u'7.4']","[u'S\xe9amus Coleman', u'7.1']","[u'Mason Holgate', u'7.2']","[u'Djibril Sidib\xe9', u'8.1']","[u'Gylfi Sigurdsson', u'7.5']","[u'Fabian Delph', u'6.8']","[u'Lucas Digne', u'6.9']","[u'Bernard', u'7.1']","[u'Richarlison', u'7.2']","[u'Dominic Calvert-Lewin', u'7.4']","[u'Nick Pope', u'7.1']","[u'Phil Bardsley', u'6.6']","[u'Ben Mee', u'7.4']","[u'James Tarkowski', u'7.0']","[u'Charlie Taylor', u'7.8']","[u'Robbie Brady', u'7.0']","[u'Ashley Westwood', u'6.4']","[u'Jack Cork', u'5.9']","[u'Dwight McNeil', u'6.6']","[u'Chris Wood', u'6.0']","[u'Jay Rodriguez', u'6.0']","[u'Ashley Barnes', u'6.0']","[u'Kevin Long', u'6.1']","[u'J\xf3hann Gudmundsson', u'5.8']"
Sheffield United 1 : 1 Watford,"[u'Lys Mousset', u'6.3']","[u'Dean Henderson', u'6.1']","[u'John Egan', u'7.7']","[u""Jack O'Connell"", u'7.3']","[u'Chris Basham', u'7.1']","[u'George Baldock', u'6.6']","[u'Enda Stevens', u'6.9']","[u'John Lundstram', u'6.3']","[u'John Fleck', u'6.3']","[u'Oliver Norwood', u'7.9']","[u'David McGoldrick', u'6.8']","[u'Oliver McBurnie', u'6.8']","[u'Ben Foster', u'7.1']","[u'Adrian Mariappa', u'6.3']","[u'Christian Kabasele', u'7.2']","[u'Craig Cathcart', u'5.9']","[u'Kiko Femen\xeda', u'6.7']","[u'Etienne Capoue', u'6.6']","[u'Will Hughes', u'6.0']","[u'Ismaila Sarr', u'6.1']","[u'Nathaniel Chalobah', u'6.8']","[u'Gerard Deulofeu', u'6.7']","[u'Troy Deeney', u'6.9']","[u'Andre Gray', u'6.1']","[u'Craig Dawson', u'6.3']","[u'Roberto Pereyra', u'6.2']"
Manchester United 4 : 1 Newcastle United,"[u'Jesse Lingard', u'6.4']","[u'Juan Mata', u'6.5']","[u'Paul Pogba', u'7.3']","[u'David de Gea', u'6.2']","[u'Aaron Wan-Bissaka', u'7.8']","[u'Victor Lindel\xf6f', u'6.5']","[u'Harry Maguire', u'7.8']","[u'Luke Shaw', u'7.0']","[u'Fred', u'7.0']","[u'Scott McTominay', u'6.6']","[u'Mason Greenwood', u'8.1']","[u'Andreas Pereira', u'7.2']","[u'Marcus Rashford', u'7.3']","[u'Anthony Martial', u'9.1']","[u'Martin Dubravka', u'5.5']","[u'Federico Fern\xe1ndez', u'5.9']","[u'Florian Lejeune', u'6.0']","[u'Fabian Sch\xe4r', u'5.3']","[u'Javier Manquillo', u'6.3']","[u'Jetro Willems', u'6.0']","[u'Miguel Almir\xf3n', u'6.5']","[u'Sean Longstaff', u'5.8']","[u'Matthew Longstaff', u'6.8']","[u'Joelinton', u'7.7']","[u'Dwight Gayle', u'5.9']","[u'DeAndre Yedlin', u'5.9']","[u'Emil Krafth', u'6.3']","[u'Christian Atsu', u'6.2']"
Leicester 0 : 4 Liverpool,"[u'Hamza Choudhury', u'6.1']","[u'Marc Albrighton', u'5.8']","[u'Ayoze P\xe9rez', u'5.8']","[u'Kasper Schmeichel', u'5.5']","[u'Ricardo Pereira', u'6.9']","[u'\xc7aglar S\xf6y\xfcnc\xfc', u'6.1']","[u'Jonny Evans', u'5.3']","[u'Ben Chilwell', u'6.0']","[u'Wilfred Ndidi', u'6.8']","[u'Harvey Barnes', u'5.8']","[u'Dennis Praet', u'5.7']","[u'Youri Tielemans', u'5.8']","[u'James Maddison', u'5.5']","[u'Jamie Vardy', u'6.0']","[u'Alisson', u'6.6']","[u'Trent Alexander-Arnold', u'9.7']","[u'Virgil van Dijk', u'6.8']","[u'Joseph Gomez', u'7.0']","[u'Andrew Robertson', u'8.0']","[u'Naby Keita', u'8.0']","[u'Georginio Wijnaldum', u'7.6']","[u'Jordan Henderson', u'7.4']","[u'Mohamed Salah', u'6.7']","[u'Roberto Firmino', u'8.8']","[u'Sadio Man\xe9', u'7.2']","[u'Adam Lallana', u'6.0']","[u'James Milner', u'7.0']","[u'Divock Origi', u'6.6']"
Wolverhampton Wanderers 3 : 2 Manchester City,"[u'Ryan Bennett', u'6.0']","[u'R\xfaben Vinagre', u'6.3']","[u'Pedro Neto', u'6.3']","[u'Rui Patr\xedcio', u'6.8']","[u'Leander Dendoncker', u'6.6']","[u'Romain Sa\xefss', u'6.4']","[u'Conor Coady', u'6.6']","[u'Matt Doherty', u'7.8']","[u'Jonny', u'6.6']","[u'R\xfaben Neves', u'7.5']","[u'Jo\xe3o Moutinho', u'7.3']","[u'Adama Traor\xe9', u'10']","[u'Ra\xfal Jim\xe9nez', u'8.4']","[u'Diogo Jota', u'6.6']","[u'Ederson', u'5.1']","[u'Kyle Walker', u'6.3']","[u'Nicol\xe1s Otamendi', u'6.7']","[u'Fernandinho', u'6.4']","[u'Benjamin Mendy', u'5.8']","[u'Bernardo Silva', u'6.3']","[u'Rodrigo', u'6.1']","[u'Riyad Mahrez', u'7.4']","[u'Kevin De Bruyne', u'7.9']","[u'Raheem Sterling', u'7.6']","[u'Sergio Ag\xfcero', u'6.1']","[u'Eric Garc\xeda', u'6.3']","[u'Ilkay G\xfcndogan', u'5.8']","[u'Claudio Bravo', u'6.8']"
Brighton 2 : 0 Bournemouth
Southampton 1 : 1 Crystal Palace,"[u'Stuart Armstrong', u'6.0']","[u'Moussa Djenepo', u'7.2']","[u'Alex McCarthy', u'6.1']","[u'C\xe9dric Soares', u'6.8']","[u'Jan Bednarek', u'6.7']","[u'Jack Stephens', u'6.6']","[u'Ryan Bertrand', u'6.6']","[u'Sofiane Boufal', u'6.7']","[u'Pierre-Emile H\xf8jbjerg', u'7.5']","[u'James Ward-Prowse', u'7.7']","[u'Nathan Redmond', u'6.7']","[u'Danny Ings', u'7.2']","[u'Che Adams', u'6.5']","[u'Vicente Guaita', u'7.3']","[u'Martin Kelly', u'5.9']","[u'Mamadou Sakho', u'6.5']","[u'James Tomkins', u'8.7']","[u'Jairo Riedewald', u'6.2']","[u'Max Meyer', u'6.2']","[u'James McCarthy', u'6.8']","[u'Luka Milivojevic', u'7.7']","[u'James McArthur', u'7.0']","[u'Wilfried Zaha', u'7.3']","[u'Jordan Ayew', u'7.1']","[u'Cheikhou Kouyat\xe9', u'6.0']"
Watford 3 : 0 Aston Villa
Newcastle United 1 : 2 Everton
Norwich 2 : 2 Tottenham,"[u'Kenny McLean', u'6.6']","[u'Todd Cantwell', u'6.1']","[u'Tom Trybull', u'6.2']","[u'Tim Krul', u'6.5']","[u'Max Aarons', u'6.6']","[u'Christoph Zimmermann', u'6.5']","[u'Grant Hanley', u'7.1']","[u'Jamal Lewis', u'6.7']","[u'Mario Vrancic', u'7.8']","[u'Alexander Tettey', u'6.3']","[u'Emiliano Buend\xeda', u'7.6']","[u'Marco Stiepermann', u'6.4']","[u'Onel Hern\xe1ndez', u'6.3']","[u'Teemu Pukki', u'6.2']","[u'Paulo Gazzaniga', u'5.9']","[u'Juan Foyth', u'5.4']","[u'Toby Alderweireld', u'6.7']","[u'Jan Vertonghen', u'6.3']","[u'Tanguy Ndombele', u'7.2']","[u'Serge Aurier', u'7.3']","[u'Giovani Lo Celso', u'6.5']","[u'Christian Eriksen', u'7.8']","[u'Ryan Sessegnon', u'6.6']","[u'Harry Kane', u'7.5']","[u'Dele Alli', u'6.6']","[u'Davinson S\xe1nchez', u'6.3']","[u'Lucas Moura', u'6.6']","[u'Erik Lamela', u'6.2']"
West Ham 1 : 2 Leicester,"[u'Robert Snodgrass', u'6.4']","[u'Michail Antonio', u'6.5']","[u'Albian Ajeti', u'5.9']","[u'Lukasz Fabianski', u'7.3']","[u'Ryan Fredericks', u'6.3']","[u'Issa Diop', u'6.5']","[u'Fabi\xe1n Balbuena', u'7.0']","[u'Arthur Masuaku', u'7.1']","[u'Carlos S\xe1nchez', u'6.5']","[u'Declan Rice', u'6.7']","[u'Pablo Fornals', u'8.3']","[u'Manuel Lanzini', u'6.4']","[u'Felipe Anderson', u'8.0']","[u'S\xe9bastien Haller', u'7.1']","[u'Kasper Schmeichel', u'6.9']","[u'James Justin', u'6.6']","[u'Wes Morgan', u'6.9']","[u'Jonny Evans', u'7.2']","[u'Christian Fuchs', u'6.5']","[u'Demarai Gray', u'7.2']","[u'Nampalys Mendy', u'6.8']","[u'Hamza Choudhury', u'6.3']","[u'Marc Albrighton', u'6.6']","[u'Ayoze P\xe9rez', u'7.6']","[u'Kelechi Iheanacho', u'7.3']","[u'James Maddison', u'6.8']","[u'Harvey Barnes', u'6.2']","[u'Wilfred Ndidi', u'6.3']"
Burnley 0 : 2 Manchester United,"[u'Jay Rodriguez', u'6.4']","[u'Robbie Brady', u'6.2']","[u'J\xf3hann Gudmundsson', u'6.2']","[u'Nick Pope', u'5.9']","[u'Phil Bardsley', u'7.2']","[u'Ben Mee', u'6.1']","[u'James Tarkowski', u'6.4']","[u'Charlie Taylor', u'5.3']","[u'Jeff Hendrick', u'5.7']","[u'Ashley Westwood', u'6.5']","[u'Jack Cork', u'6.2']","[u'Dwight McNeil', u'6.3']","[u'Chris Wood', u'6.3']","[u'Ashley Barnes', u'6.1']","[u'David de Gea', u'6.9']","[u'Ashley Young', u'7.1']","[u'Victor Lindel\xf6f', u'7.1']","[u'Harry Maguire', u'7.3']","[u'Brandon Williams', u'6.8']","[u'Fred', u'7.1']","[u'Nemanja Matic', u'7.4']","[u'Daniel James', u'7.6']","[u'Andreas Pereira', u'7.2']","[u'Marcus Rashford', u'8.6']","[u'Anthony Martial', u'7.1']","[u'Luke Shaw', u'6.2']","[u'Jesse Lingard', u'6.1']"
Arsenal 1 : 2 Chelsea
Liverpool 1 : 0 Wolverhampton Wanderers,"[u'James Milner', u'6.2']","[u'Naby Keita', u'6.3']","[u'Divock Origi', u'6.0']","[u'Alisson', u'6.9']","[u'Trent Alexander-Arnold', u'7.6']","[u'Virgil van Dijk', u'7.3']","[u'Joseph Gomez', u'7.3']","[u'Andrew Robertson', u'6.9']","[u'Georginio Wijnaldum', u'6.8']","[u'Jordan Henderson', u'7.0']","[u'Adam Lallana', u'7.0']","[u'Roberto Firmino', u'6.3']","[u'Sadio Man\xe9', u'7.5']","[u'Mohamed Salah', u'6.4']","[u'Rui Patr\xedcio', u'6.1']","[u'Ryan Bennett', u'6.4']","[u'Conor Coady', u'6.6']","[u'Maximilian Kilman', u'7.0']","[u'Jonny', u'6.8']","[u'R\xfaben Vinagre', u'7.2']","[u'Leander Dendoncker', u'6.7']","[u'R\xfaben Neves', u'6.2']","[u'Jo\xe3o Moutinho', u'7.0']","[u'Pedro Neto', u'6.7']","[u'Diogo Jota', u'6.4']","[u'Adama Traor\xe9', u'7.2']","[u'Romain Sa\xefss', u'6.6']","[u'Ra\xfal Jim\xe9nez', u'6.1']"
Manchester City 2 : 0 Sheffield United,"[u'Phil Foden', u'6.4']","[u'Ilkay G\xfcndogan', u'6.2']","[u'Gabriel Jesus', u'6.3']","[u'Claudio Bravo', u'6.7']","[u'Kyle Walker', u'6.5']","[u'Fernandinho', u'7.0']","[u'Eric Garc\xeda', u'6.8']","[u'Oleksandr Zinchenko', u'7.6']","[u'Kevin De Bruyne', u'8.3']","[u'Bernardo Silva', u'6.7']","[u'Rodrigo', u'7.5']","[u'Riyad Mahrez', u'8.1']","[u'Sergio Ag\xfcero', u'7.0']","[u'Raheem Sterling', u'6.6']","[u'Dean Henderson', u'6.1']","[u'John Egan', u'6.6']","[u'Chris Basham', u'7.1']","[u""Jack O'Connell"", u'6.5']","[u'George Baldock', u'6.3']","[u'Enda Stevens', u'6.3']","[u'Muhamed Besic', u'6.1']","[u'John Fleck', u'6.5']","[u'Oliver Norwood', u'6.9']","[u'Lys Mousset', u'6.1']","[u'Callum Robinson', u'6.4']","[u'Oliver McBurnie', u'6.2']","[u'Billy Sharp', u'6.2']","[u'David McGoldrick', u'6.4']"
Crystal Palace 1 : 1 Brighton,"[u'James McCarthy', u'6.4']","[u'Max Meyer', u'6.5']","[u'Vicente Guaita', u'8.3']","[u'Martin Kelly', u'7.0']","[u'James Tomkins', u'7.7']","[u'Scott Dann', u'6.3']","[u'Jairo Riedewald', u'6.8']","[u'Cheikhou Kouyat\xe9', u'6.2']","[u'Luka Milivojevic', u'6.7']","[u'James McArthur', u'6.6']","[u'Jordan Ayew', u'6.7']","[u'Christian Benteke', u'7.4']","[u'Wilfried Zaha', u'8.0']","[u'Mat Ryan', u'6.8']","[u'Mart\xedn Montoya', u'7.1']","[u'Adam Webster', u'6.8']","[u'Lewis Dunk', u'6.6']","[u'Dan Burn', u'7.1']","[u'Yves Bissouma', u'7.2']","[u'Davy Pr\xf6pper', u'6.9']","[u'Aaron Mooy', u'6.4']","[u'Pascal Gro\xdf', u'7.1']","[u'Leandro Trossard', u'6.5']","[u'Neal Maupay', u'6.7']","[u'Shane Duffy', u'6.1']","[u'Steven Alzate', u'6.0']","[u'Bernardo', u'6.0']"
Everton 0 : 0 Arsenal,"[u'Michael Keane', u'6.1']","[u'Cenk Tosun', u'6.2']","[u'Moise Kean', u'5.9']","[u'Jordan Pickford', u'7.3']","[u'Djibril Sidib\xe9', u'7.9']","[u'Yerry Mina', u'7.4']","[u'Mason Holgate', u'6.8']","[u'Lucas Digne', u'7.1']","[u'Tom Davies', u'6.3']","[u'Gylfi Sigurdsson', u'6.5']","[u'Fabian Delph', u'6.9']","[u'Alex Iwobi', u'6.1']","[u'Richarlison', u'6.2']","[u'Dominic Calvert-Lewin', u'6.7']","[u'Bernd Leno', u'6.4']","[u'Ainsley Maitland-Niles', u'6.6']","[u'David Luiz', u'7.2']","[u'Calum Chambers', u'8.0']","[u'Bukayo Saka', u'6.8']","[u'Granit Xhaka', u'6.9']","[u'Lucas Torreira', u'7.5']","[u'Reiss Nelson', u'6.9']","[u'Emile Smith Rowe', u'6.3']","[u'Gabriel Martinelli', u'6.4']","[u'Pierre-Emerick Aubameyang', u'6.2']","[u'Joseph Willock', u'6.2']","[u'Alexandre Lacazette', u'6.1']"
Newcastle United 1 : 0 Crystal Palace,"[u'Dwight Gayle', u'6.1']","[u'Sean Longstaff', u'6.2']","[u'DeAndre Yedlin', u'6.0']","[u'Martin Dubravka', u'7.6']","[u'Federico Fern\xe1ndez', u'6.9']","[u'Florian Lejeune', u'7.8']","[u'Fabian Sch\xe4r', u'7.4']","[u'Javier Manquillo', u'7.0']","[u'Paul Dummett', u'7.2']","[u'Miguel Almir\xf3n', u'8.3']","[u'Isaac Hayden', u'6.6']","[u'Jonjo Shelvey', u'7.1']","[u'Joelinton', u'6.4']","[u'Andy Carroll', u'7.0']","[u'Vicente Guaita', u'6.5']","[u'Martin Kelly', u'6.3']","[u'Cheikhou Kouyat\xe9', u'6.6']","[u'James Tomkins', u'6.6']","[u'Patrick van Aanholt', u'7.2']","[u'James McCarthy', u'6.4']","[u'Luka Milivojevic', u'6.8']","[u'James McArthur', u'7.0']","[u'Jordan Ayew', u'7.0']","[u'Christian Benteke', u'7.6']","[u'Wilfried Zaha', u'6.6']","[u'Max Meyer', u'5.9']"
Norwich 1 : 2 Wolverhampton Wanderers,"[u'Onel Hern\xe1ndez', u'6.2']","[u'Dennis Srbeny', u'6.1']","[u'Mario Vrancic', u'6.0']","[u'Tim Krul', u'6.0']","[u'Max Aarons', u'6.6']","[u'Christoph Zimmermann', u'6.0']","[u'Grant Hanley', u'6.4']","[u'Sam Byram', u'6.6']","[u'Tom Trybull', u'6.7']","[u'Alexander Tettey', u'6.4']","[u'Emiliano Buend\xeda', u'9.3']","[u'Kenny McLean', u'6.8']","[u'Todd Cantwell', u'7.5']","[u'Teemu Pukki', u'6.7']","[u'Rui Patr\xedcio', u'7.9']","[u'Leander Dendoncker', u'6.4']","[u'Romain Sa\xefss', u'7.7']","[u'Conor Coady', u'6.0']","[u'Matt Doherty', u'6.8']","[u'Jonny', u'5.8']","[u'R\xfaben Neves', u'6.8']","[u'Jo\xe3o Moutinho', u'6.7']","[u'Adama Traor\xe9', u'8.2']","[u'Ra\xfal Jim\xe9nez', u'7.7']","[u'Diogo Jota', u'6.1']","[u'Pedro Neto', u'6.6']","[u'Patrick Cutrone', u'6.2']"
Aston Villa 1 : 3 Southampton,"[u'Jonathan Kodjia', u'6.2']","[u'Marvelous Nakamba', u'6.1']","[u'Tr\xe9z\xe9guet', u'6.5']","[u'Tom Heaton', u'6.8']","[u'Frederic Guilbert', u'7.5']","[u'Bj\xf6rn Engels', u'6.5']","[u'Kortney Hause', u'7.0']","[u'Matt Targett', u'6.2']","[u'Douglas Luiz', u'6.3']","[u'Conor Hourihane', u'5.9']","[u'John McGinn', u'6.1']","[u'Anwar El Ghazi', u'6.1']","[u'Wesley', u'6.6']","[u'Jack Grealish', u'8.7']","[u'Alex McCarthy', u'7.1']","[u'C\xe9dric Soares', u'6.4']","[u'Jan Bednarek', u'6.8']","[u'Jack Stephens', u'8.1']","[u'Ryan Bertrand', u'6.5']","[u'Stuart Armstrong', u'6.5']","[u'Pierre-Emile H\xf8jbjerg', u'7.1']","[u'James Ward-Prowse', u'7.5']","[u'Nathan Redmond', u'6.8']","[u'Shane Long', u'7.1']","[u'Danny Ings', u'8.8']","[u'Che Adams', u'6.0']","[u'Oriol Romeu', u'6.1']","[u'Michael Obafemi', u'6.0']"
Bournemouth 0 : 1 Burnley,"[u'Dominic Solanke', u'5.9']","[u'Callum Wilson', u'6.0']","[u'Aaron Ramsdale', u'6.3']","[u'Jack Stacey', u'6.4']","[u'Simon Francis', u'6.8']","[u'Chris Mepham', u'7.1']","[u'Diego Rico', u'6.0']","[u'Lewis Cook', u'6.2']","[u'Jefferson Lerma', u'6.5']","[u'Philip Billing', u'7.1']","[u'Dan Gosling', u'6.4']","[u'Ryan Fraser', u'6.2']","[u'Joshua King', u'6.7']","[u'Nick Pope', u'6.6']","[u'Phil Bardsley', u'6.6']","[u'Ben Mee', u'7.0']","[u'James Tarkowski', u'7.6']","[u'Charlie Taylor', u'7.4']","[u'Jeff Hendrick', u'6.0']","[u'Ashley Westwood', u'6.8']","[u'Jack Cork', u'6.6']","[u'Dwight McNeil', u'6.0']","[u'Chris Wood', u'5.9']","[u'Ashley Barnes', u'6.6']","[u'Aaron Lennon', u'6.3']","[u'Jay Rodriguez', u'7.2']","[u'Robbie Brady', u'6.1']"
Brighton 0 : 1 Sheffield United,"[u'Aaron Connolly', u'6.0']","[u'Glenn Murray', u'6.0']","[u'Yves Bissouma', u'6.5']","[u'Mat Ryan', u'6.0']","[u'Mart\xedn Montoya', u'6.1']","[u'Adam Webster', u'5.8']","[u'Lewis Dunk', u'7.1']","[u'Dan Burn', u'6.9']","[u'Davy Pr\xf6pper', u'6.2']","[u'Dale Stephens', u'6.4']","[u'Aaron Mooy', u'6.9']","[u'Pascal Gro\xdf', u'5.9']","[u'Leandro Trossard', u'5.8']","[u'Neal Maupay', u'6.0']","[u'Dean Henderson', u'6.7']","[u'John Egan', u'7.5']","[u'Chris Basham', u'7.6']","[u""Jack O'Connell"", u'7.3']","[u'George Baldock', u'6.7']","[u'Enda Stevens', u'6.9']","[u'Luke Freeman', u'6.5']","[u'John Lundstram', u'7.1']","[u'Oliver Norwood', u'6.8']","[u'David McGoldrick', u'6.8']","[u'Oliver McBurnie', u'7.6']","[u'Ben Osborn', u'6.2']","[u'Lys Mousset', u'6.6']","[u'Muhamed Besic', u'6.0']"
Manchester City 3 : 1 Leicester,"[u'Phil Foden', u'6.0']","[u'Rodrigo', u'6.1']","[u'Sergio Ag\xfcero', u'5.9']","[u'Ederson', u'6.3']","[u'Kyle Walker', u'6.7']","[u'Nicol\xe1s Otamendi', u'6.8']","[u'Fernandinho', u'6.7']","[u'Benjamin Mendy', u'7.9']","[u'Ilkay G\xfcndogan', u'7.2']","[u'Bernardo Silva', u'6.7']","[u'Riyad Mahrez', u'9.1']","[u'Kevin De Bruyne', u'9.1']","[u'Raheem Sterling', u'7.1']","[u'Gabriel Jesus', u'7.6']","[u'Kasper Schmeichel', u'7.3']","[u'Ricardo Pereira', u'5.5']","[u'\xc7aglar S\xf6y\xfcnc\xfc', u'6.2']","[u'Jonny Evans', u'6.6']","[u'Ben Chilwell', u'5.9']","[u'Wilfred Ndidi', u'6.3']","[u'Ayoze P\xe9rez', u'6.2']","[u'Youri Tielemans', u'5.9']","[u'James Maddison', u'6.3']","[u'Harvey Barnes', u'6.7']","[u'Jamie Vardy', u'7.8']","[u'Marc Albrighton', u'6.1']","[u'Demarai Gray', u'5.8']","[u'Dennis Praet', u'6.0']"
Watford 2 : 0 Manchester United,"[u'Nathaniel Chalobah', u'6.1']","[u'Isaac Success', u'6.1']","[u'Roberto Pereyra', u'6.2']","[u'Ben Foster', u'7.9']","[u'Adrian Mariappa', u'7.2']","[u'Christian Kabasele', u'7.4']","[u'Craig Cathcart', u'6.9']","[u'Kiko Femen\xeda', u'7.2']","[u'Etienne Capoue', u'7.2']","[u'Will Hughes', u'7.3']","[u'Ismaila Sarr', u'7.8']","[u'Abdoulaye Doucour\xe9', u'6.5']","[u'Gerard Deulofeu', u'8.3']","[u'Troy Deeney', u'7.5']","[u'David de Gea', u'5.1']","[u'Aaron Wan-Bissaka', u'6.4']","[u'Victor Lindel\xf6f', u'6.3']","[u'Harry Maguire', u'7.5']","[u'Luke Shaw', u'6.9']","[u'Fred', u'7.2']","[u'Scott McTominay', u'6.6']","[u'Daniel James', u'6.1']","[u'Jesse Lingard', u'6.2']","[u'Marcus Rashford', u'6.5']","[u'Anthony Martial', u'7.5']","[u'Mason Greenwood', u'6.2']","[u'Juan Mata', u'6.4']","[u'Paul Pogba', u'6.6']"
Tottenham 0 : 2 Chelsea,"[u'Danny Rose', u'6.2']","[u'Tanguy Ndombele', u'6.4']","[u'Christian Eriksen', u'6.3']","[u'Paulo Gazzaniga', u'5.3']","[u'Serge Aurier', u'7.2']","[u'Toby Alderweireld', u'6.7']","[u'Davinson S\xe1nchez', u'7.1']","[u'Jan Vertonghen', u'6.4']","[u'Moussa Sissoko', u'6.8']","[u'Eric Dier', u'5.8']","[u'Dele Alli', u'6.0']","[u'Lucas Moura', u'6.0']","[u'Harry Kane', u'6.3']","[u'Son Heung-Min', u'4.7']","[u'Kepa Arrizabalaga', u'6.8']","[u'Kurt Zouma', u'6.8']","[u'Antonio R\xfcdiger', u'6.6']","[u'Fikayo Tomori', u'7.0']","[u'C\xe9sar Azpilicueta', u'6.9']","[u'Marcos Alonso', u'7.8']","[u'Mateo Kovacic', u'7.4']","[u""N'Golo Kant\xe9"", u'7.5']","[u'Willian', u'9.2']","[u'Mason Mount', u'7.0']","[u'Tammy Abraham', u'7.0']","[u'Reece James', u'6.0']","[u'Jorginho', u'6.5']","[u'Michy Batshuayi', u'6.2']"
West Ham 1 : 3 Arsenal,"[u'Nathan Holland', u'6.5']","[u'S\xe9bastien Haller', u'6.0']","[u'Arthur Masuaku', u'6.3']","[u'David Martin', u'5.2']","[u'Ryan Fredericks', u'6.4']","[u'Angelo Ogbonna', u'6.9']","[u'Fabi\xe1n Balbuena', u'6.4']","[u'Aaron Cresswell', u'7.2']","[u'Robert Snodgrass', u'6.4']","[u'Mark Noble', u'6.2']","[u'Declan Rice', u'6.8']","[u'Pablo Fornals', u'6.5']","[u'Felipe Anderson', u'6.2']","[u'Michail Antonio', u'7.0']","[u'Bernd Leno', u'6.9']","[u'Ainsley Maitland-Niles', u'7.1']","[u'Sokratis', u'7.0']","[u'Calum Chambers', u'7.5']","[u'Kieran Tierney', u'6.4']","[u'Granit Xhaka', u'6.5']","[u'Lucas Torreira', u'6.9']","[u'Nicolas P\xe9p\xe9', u'8.3']","[u'Mesut \xd6zil', u'6.4']","[u'Gabriel Martinelli', u'7.7']","[u'Pierre-Emerick Aubameyang', u'7.9']","[u'Reiss Nelson', u'6.0']","[u'Matteo Guendouzi', u'6.1']","[u'Sead Kolasinac', u'7.5']"
Liverpool 2 : 0 Watford,"[u'Andrew Robertson', u'6.3']","[u'Alex Oxlade-Chamberlain', u'6.0']","[u'Divock Origi', u'6.5']","[u'Alisson', u'7.0']","[u'Trent Alexander-Arnold', u'7.0']","[u'Virgil van Dijk', u'7.3']","[u'Joseph Gomez', u'8.0']","[u'James Milner', u'7.1']","[u'Georginio Wijnaldum', u'6.8']","[u'Jordan Henderson', u'7.0']","[u'Xherdan Shaqiri', u'6.4']","[u'Roberto Firmino', u'7.2']","[u'Sadio Man\xe9', u'7.3']","[u'Mohamed Salah', u'8.4']","[u'Ben Foster', u'6.7']","[u'Adrian Mariappa', u'6.0']","[u'Christian Kabasele', u'7.2']","[u'Craig Cathcart', u'7.0']","[u'Kiko Femen\xeda', u'7.1']","[u'Etienne Capoue', u'6.1']","[u'Will Hughes', u'6.3']","[u'Ismaila Sarr', u'6.6']","[u'Abdoulaye Doucour\xe9', u'6.4']","[u'Gerard Deulofeu', u'6.1']","[u'Troy Deeney', u'6.4']","[u'Andre Gray', u'6.0']","[u'Domingos Quina', u'5.9']"
Burnley 1 : 0 Newcastle United,"[u'Jay Rodriguez', u'6.1']","[u'Nick Pope', u'6.8']","[u'Phil Bardsley', u'6.9']","[u'Ben Mee', u'6.9']","[u'James Tarkowski', u'8.0']","[u'Erik Pieters', u'6.9']","[u'Jeff Hendrick', u'6.5']","[u'Jack Cork', u'7.2']","[u'Ashley Westwood', u'7.4']","[u'Dwight McNeil', u'7.9']","[u'Chris Wood', u'7.3']","[u'Ashley Barnes', u'7.4']","[u'Martin Dubravka', u'6.7']","[u'Javier Manquillo', u'6.5']","[u'Federico Fern\xe1ndez', u'6.3']","[u'Fabian Sch\xe4r', u'6.5']","[u'Paul Dummett', u'6.8']","[u'Jetro Willems', u'6.3']","[u'Christian Atsu', u'6.1']","[u'Isaac Hayden', u'6.7']","[u'Sean Longstaff', u'6.2']","[u'Joelinton', u'6.5']","[u'Andy Carroll', u'6.4']","[u'Dwight Gayle', u'6.0']","[u'Yoshinori Muto', u'6.2']"
Chelsea 0 : 1 Bournemouth,"[u'Callum Hudson-Odoi', u'5.8']","[u'Mateo Kovacic', u'6.3']","[u'Michy Batshuayi', u'5.9']","[u'Kepa Arrizabalaga', u'6.3']","[u'C\xe9sar Azpilicueta', u'7.6']","[u'Kurt Zouma', u'8.1']","[u'Antonio R\xfcdiger', u'6.9']","[u'Emerson', u'6.6']","[u""N'Golo Kant\xe9"", u'6.2']","[u'Jorginho', u'7.8']","[u'Mason Mount', u'6.5']","[u'Willian', u'6.9']","[u'Tammy Abraham', u'6.7']","[u'Christian Pulisic', u'6.3']","[u'Aaron Ramsdale', u'7.6']","[u'Jack Stacey', u'7.5']","[u'Simon Francis', u'7.6']","[u'Chris Mepham', u'7.6']","[u'Diego Rico', u'7.7']","[u'Lewis Cook', u'6.1']","[u'Jefferson Lerma', u'7.7']","[u'Philip Billing', u'7.4']","[u'Dan Gosling', u'8.4']","[u'Ryan Fraser', u'7.0']","[u'Joshua King', u'6.2']","[u'Dominic Solanke', u'6.5']"
Leicester 1 : 1 Norwich,"[u'Demarai Gray', u'6.5']","[u'Harvey Barnes', u'5.9']","[u'Kasper Schmeichel', u'6.3']","[u'Ricardo Pereira', u'7.4']","[u'\xc7aglar S\xf6y\xfcnc\xfc', u'7.2']","[u'Jonny Evans', u'6.4']","[u'Ben Chilwell', u'7.0']","[u'Wilfred Ndidi', u'7.3']","[u'Dennis Praet', u'6.8']","[u'Youri Tielemans', u'7.2']","[u'James Maddison', u'7.3']","[u'Kelechi Iheanacho', u'6.2']","[u'Jamie Vardy', u'7.3']","[u'Tim Krul', u'6.6']","[u'Max Aarons', u'6.9']","[u'Christoph Zimmermann', u'6.8']","[u'Ben Godfrey', u'6.6']","[u'Sam Byram', u'6.8']","[u'Tom Trybull', u'6.2']","[u'Alexander Tettey', u'6.5']","[u'Emiliano Buend\xeda', u'7.8']","[u'Kenny McLean', u'7.2']","[u'Todd Cantwell', u'6.8']","[u'Teemu Pukki', u'7.1']","[u'Onel Hern\xe1ndez', u'6.2']","[u'Marco Stiepermann', u'6.3']","[u'Mario Vrancic', u'6.0']"
Sheffield United 2 : 0 Aston Villa,"[u'Oliver McBurnie', u'7.0']","[u'Ben Osborn', u'6.0']","[u'Muhamed Besic', u'6.0']","[u'Dean Henderson', u'6.5']","[u'John Egan', u'6.5']","[u'Chris Basham', u'7.1']","[u""Jack O'Connell"", u'7.2']","[u'George Baldock', u'7.0']","[u'Enda Stevens', u'7.1']","[u'John Lundstram', u'7.5']","[u'John Fleck', u'8.5']","[u'Oliver Norwood', u'7.5']","[u'Lys Mousset', u'6.2']","[u'David McGoldrick', u'7.6']","[u'Tom Heaton', u'5.9']","[u'Frederic Guilbert', u'6.9']","[u'Bj\xf6rn Engels', u'7.4']","[u'Kortney Hause', u'6.7']","[u'Matt Targett', u'6.0']","[u'Marvelous Nakamba', u'6.5']","[u'Henri Lansbury', u'5.8']","[u'John McGinn', u'6.7']","[u'Anwar El Ghazi', u'6.2']","[u'Wesley', u'6.7']","[u'Jack Grealish', u'5.8']","[u'Jonathan Kodjia', u'6.0']","[u'Tr\xe9z\xe9guet', u'6.0']","[u'Douglas Luiz', u'6.2']"
Southampton 0 : 1 West Ham,"[u'Stuart Armstrong', u'6.1']","[u'Che Adams', u'6.1']","[u'Oriol Romeu', u'6.8']","[u'Alex McCarthy', u'7.0']","[u'C\xe9dric Soares', u'7.2']","[u'Jan Bednarek', u'6.8']","[u'Jack Stephens', u'6.9']","[u'Ryan Bertrand', u'6.2']","[u'Moussa Djenepo', u'6.9']","[u'Pierre-Emile H\xf8jbjerg', u'6.6']","[u'James Ward-Prowse', u'6.5']","[u'Nathan Redmond', u'5.8']","[u'Shane Long', u'6.6']","[u'Danny Ings', u'6.6']","[u'David Martin', u'6.7']","[u'Ryan Fredericks', u'7.4']","[u'Angelo Ogbonna', u'7.0']","[u'Fabi\xe1n Balbuena', u'7.7']","[u'Aaron Cresswell', u'6.7']","[u'Robert Snodgrass', u'6.7']","[u'Declan Rice', u'6.8']","[u'Mark Noble', u'6.8']","[u'Pablo Fornals', u'7.3']","[u'S\xe9bastien Haller', u'8.9']","[u'Michail Antonio', u'7.8']","[u'Andriy Yarmolenko', u'6.0']","[u'Issa Diop', u'6.2']","[u'Carlos S\xe1nchez', u'6.0']"
Wolverhampton Wanderers 1 : 2 Tottenham,"[u'Rui Patr\xedcio', u'6.3']","[u'Leander Dendoncker', u'6.4']","[u'Romain Sa\xefss', u'6.7']","[u'Conor Coady', u'6.2']","[u'Matt Doherty', u'6.9']","[u'Jonny', u'6.6']","[u'R\xfaben Neves', u'6.7']","[u'Jo\xe3o Moutinho', u'7.1']","[u'Adama Traor\xe9', u'8.5']","[u'Ra\xfal Jim\xe9nez', u'6.7']","[u'Diogo Jota', u'6.8']","[u'Paulo Gazzaniga', u'7.0']","[u'Serge Aurier', u'6.8']","[u'Toby Alderweireld', u'7.2']","[u'Davinson S\xe1nchez', u'6.6']","[u'Jan Vertonghen', u'8.1']","[u'Moussa Sissoko', u'7.2']","[u'Eric Dier', u'7.0']","[u'Lucas Moura', u'8.5']","[u'Dele Alli', u'7.2']","[u'Son Heung-Min', u'6.8']","[u'Harry Kane', u'7.7']","[u'Harry Winks', u'6.2']","[u'Christian Eriksen', u'6.7']","[u'Juan Foyth', u'6.0']"
Manchester United 1 : 1 Everton,"[u'Mason Greenwood', u'7.2']","[u'Juan Mata', u'6.0']","[u'David de Gea', u'5.8']","[u'Aaron Wan-Bissaka', u'7.5']","[u'Victor Lindel\xf6f', u'5.8']","[u'Harry Maguire', u'7.3']","[u'Luke Shaw', u'7.0']","[u'Fred', u'7.4']","[u'Scott McTominay', u'8.1']","[u'Daniel James', u'7.1']","[u'Jesse Lingard', u'5.8']","[u'Marcus Rashford', u'6.9']","[u'Anthony Martial', u'6.4']","[u'Jordan Pickford', u'7.1']","[u'S\xe9amus Coleman', u'6.9']","[u'Yerry Mina', u'6.6']","[u'Michael Keane', u'6.6']","[u'Lucas Digne', u'6.6']","[u'Alex Iwobi', u'6.7']","[u'Mason Holgate', u'7.1']","[u'Tom Davies', u'6.6']","[u'Bernard', u'6.6']","[u'Richarlison', u'6.4']","[u'Dominic Calvert-Lewin', u'6.7']","[u'Leighton Baines', u'6.4']","[u'Oumar Niasse', u'6.1']","[u'Moise Kean', u'5.7']"
Arsenal 0 : 3 Manchester City,"[u'Bukayo Saka', u'6.3']","[u'Emile Smith Rowe', u'6.3']","[u'Joseph Willock', u'5.6']","[u'Bernd Leno', u'6.5']","[u'Ainsley Maitland-Niles', u'6.8']","[u'Sokratis', u'5.8']","[u'Calum Chambers', u'5.7']","[u'Sead Kolasinac', u'5.8']","[u'Matteo Guendouzi', u'6.0']","[u'Lucas Torreira', u'6.7']","[u'Nicolas P\xe9p\xe9', u'6.5']","[u'Mesut \xd6zil', u'5.8']","[u'Gabriel Martinelli', u'6.2']","[u'Pierre-Emerick Aubameyang', u'6.0']","[u'Ederson', u'7.0']","[u'Kyle Walker', u'7.7']","[u'Nicol\xe1s Otamendi', u'7.3']","[u'Fernandinho', u'7.6']","[u'Benjamin Mendy', u'7.0']","[u'Ilkay G\xfcndogan', u'7.5']","[u'Rodrigo', u'7.3']","[u'Raheem Sterling', u'7.7']","[u'Kevin De Bruyne', u'9.0']","[u'Phil Foden', u'7.3']","[u'Gabriel Jesus', u'7.7']","[u'Oleksandr Zinchenko', u'6.3']","[u'Bernardo Silva', u'6.4']","[u'Riyad Mahrez', u'6.4']"
Crystal Palace 1 : 0 Bournemouth,"[u'James McCarthy', u'6.2']","[u'Jeffrey Schlupp', u'7.3']","[u'Vicente Guaita', u'7.3']","[u'Martin Kelly', u'7.8']","[u'Mamadou Sakho', u'5.3']","[u'James Tomkins', u'7.0']","[u'Patrick van Aanholt', u'6.6']","[u'Andros Townsend', u'6.2']","[u'Cheikhou Kouyat\xe9', u'7.7']","[u'Luka Milivojevic', u'6.5']","[u'James McArthur', u'7.2']","[u'Wilfried Zaha', u'7.0']","[u'Jordan Ayew', u'7.1']","[u'Aaron Ramsdale', u'6.2']","[u'Adam Smith', u'7.6']","[u'Nathan Ak\xe9', u'6.7']","[u'Chris Mepham', u'7.1']","[u'Diego Rico', u'6.9']","[u'Harry Wilson', u'6.5']","[u'Jefferson Lerma', u'6.3']","[u'Philip Billing', u'7.6']","[u'Arnaut Danjuma Groeneveld', u'6.2']","[u'Callum Wilson', u'5.8']","[u'Dominic Solanke', u'6.7']","[u'Ryan Fraser', u'5.9']","[u'Lewis Cook', u'6.3']","[u'Simon Francis', u'6.3']"
Burnley 1 : 4 Manchester City,"[u'Jay Rodriguez', u'6.1']","[u'Ashley Barnes', u'6.0']","[u'Robbie Brady', u'6.7']","[u'Nick Pope', u'6.4']","[u'Phil Bardsley', u'6.3']","[u'Ben Mee', u'6.1']","[u'James Tarkowski', u'7.0']","[u'Erik Pieters', u'5.7']","[u'Aaron Lennon', u'6.3']","[u'Jack Cork', u'6.3']","[u'Daniel Drinkwater', u'5.9']","[u'Dwight McNeil', u'6.2']","[u'Jeff Hendrick', u'6.1']","[u'Chris Wood', u'6.1']","[u'Ederson', u'6.1']","[u'Kyle Walker', u'6.7']","[u'Nicol\xe1s Otamendi', u'6.7']","[u'Fernandinho', u'6.9']","[u'Angeli\xf1o', u'7.0']","[u'Kevin De Bruyne', u'7.5']","[u'Rodrigo', u'8.7']","[u'David Silva', u'7.1']","[u'Bernardo Silva', u'8.1']","[u'Gabriel Jesus', u'8.6']","[u'Raheem Sterling', u'7.1']","[u'Phil Foden', u'6.2']","[u'Eric Garc\xeda', u'6.0']","[u'Riyad Mahrez', u'7.2']"
Leicester 2 : 0 Watford,"[u'Hamza Choudhury', u'6.3']","[u'James Justin', u'6.8']","[u'Dennis Praet', u'6.2']","[u'Kasper Schmeichel', u'6.6']","[u'Ricardo Pereira', u'8.4']","[u'\xc7aglar S\xf6y\xfcnc\xfc', u'7.2']","[u'Jonny Evans', u'7.9']","[u'Christian Fuchs', u'7.7']","[u'Wilfred Ndidi', u'7.3']","[u'Ayoze P\xe9rez', u'6.3']","[u'Youri Tielemans', u'6.3']","[u'James Maddison', u'8.2']","[u'Harvey Barnes', u'7.2']","[u'Jamie Vardy', u'6.9']","[u'Ben Foster', u'6.1']","[u'Kiko Femen\xeda', u'7.0']","[u'Adrian Mariappa', u'6.7']","[u'Craig Cathcart', u'6.6']","[u'Adam Masina', u'6.9']","[u'Ismaila Sarr', u'6.3']","[u'Etienne Capoue', u'6.4']","[u'Abdoulaye Doucour\xe9', u'6.4']","[u'Will Hughes', u'6.3']","[u'Gerard Deulofeu', u'5.7']","[u'Troy Deeney', u'6.6']","[u'Andre Gray', u'5.9']","[u'Domingos Quina', u'6.1']","[u'Isaac Success', u'6.0']"
Wolverhampton Wanderers 2 : 0 West Ham,"[u'Ryan Bennett', u'6.0']","[u'Pedro Neto', u'6.8']","[u'Patrick Cutrone', u'7.2']","[u'Rui Patr\xedcio', u'7.6']","[u'Leander Dendoncker', u'8.2']","[u'Romain Sa\xefss', u'7.3']","[u'Conor Coady', u'7.0']","[u'Matt Doherty', u'7.5']","[u'Jonny', u'7.7']","[u'R\xfaben Neves', u'6.5']","[u'Jo\xe3o Moutinho', u'8.0']","[u'Adama Traor\xe9', u'7.9']","[u'Ra\xfal Jim\xe9nez', u'7.2']","[u'Diogo Jota', u'7.2']","[u'David Martin', u'6.8']","[u'Ryan Fredericks', u'6.8']","[u'Angelo Ogbonna', u'6.2']","[u'Fabi\xe1n Balbuena', u'6.7']","[u'Aaron Cresswell', u'6.3']","[u'Robert Snodgrass', u'6.3']","[u'Declan Rice', u'7.3']","[u'Mark Noble', u'5.7']","[u'Pablo Fornals', u'6.1']","[u'Felipe Anderson', u'8.3']","[u'S\xe9bastien Haller', u'6.4']","[u'Nathan Holland', u'6.3']","[u'Andriy Yarmolenko', u'5.8']","[u'Albian Ajeti', u'5.9']"
Manchester United 2 : 1 Tottenham,"[u'Luke Shaw', u'6.2']","[u'Andreas Pereira', u'5.8']","[u'David de Gea', u'7.1']","[u'Aaron Wan-Bissaka', u'7.1']","[u'Victor Lindel\xf6f', u'6.5']","[u'Harry Maguire', u'7.0']","[u'Ashley Young', u'7.1']","[u'Fred', u'7.2']","[u'Scott McTominay', u'6.9']","[u'Daniel James', u'6.9']","[u'Jesse Lingard', u'6.6']","[u'Marcus Rashford', u'9.2']","[u'Mason Greenwood', u'6.8']","[u'Paulo Gazzaniga', u'6.3']","[u'Serge Aurier', u'8.0']","[u'Toby Alderweireld', u'6.3']","[u'Davinson S\xe1nchez', u'7.0']","[u'Jan Vertonghen', u'6.6']","[u'Moussa Sissoko', u'6.2']","[u'Harry Winks', u'6.4']","[u'Lucas Moura', u'6.3']","[u'Dele Alli', u'7.3']","[u'Son Heung-Min', u'7.3']","[u'Harry Kane', u'6.5']","[u'Tanguy Ndombele', u'6.5']","[u'Christian Eriksen', u'6.1']","[u'Giovani Lo Celso', u'6.0']"
Chelsea 2 : 1 Aston Villa,"[u'Callum Hudson-Odoi', u'6.4']","[u'Jorginho', u'6.1']","[u'Michy Batshuayi', u'6.1']","[u'Kepa Arrizabalaga', u'6.7']","[u'Reece James', u'7.5']","[u'Andreas Christensen', u'6.8']","[u'Kurt Zouma', u'6.8']","[u'C\xe9sar Azpilicueta', u'6.8']","[u'Mateo Kovacic', u'6.7']","[u""N'Golo Kant\xe9"", u'7.0']","[u'Willian', u'8.0']","[u'Mason Mount', u'7.4']","[u'Christian Pulisic', u'7.7']","[u'Tammy Abraham', u'8.1']","[u'Tom Heaton', u'7.7']","[u'Ahmed El Mohamady', u'7.3']","[u'Ezri Konsa Ngoyo', u'7.2']","[u'Tyrone Mings', u'6.3']","[u'Matt Targett', u'6.4']","[u'Conor Hourihane', u'5.9']","[u'Marvelous Nakamba', u'7.1']","[u'John McGinn', u'7.4']","[u'Tr\xe9z\xe9guet', u'7.5']","[u'Wesley', u'6.7']","[u'Jack Grealish', u'7.0']","[u'Jota', u'6.0']","[u'Douglas Luiz', u'6.9']"
Southampton 2 : 1 Norwich,"[u'Che Adams', u'5.9']","[u'Oriol Romeu', u'6.2']","[u'Maya Yoshida', u'6.1']","[u'Alex McCarthy', u'6.3']","[u'C\xe9dric Soares', u'7.0']","[u'Jan Bednarek', u'7.1']","[u'Jack Stephens', u'6.7']","[u'Ryan Bertrand', u'7.2']","[u'Moussa Djenepo', u'6.4']","[u'Pierre-Emile H\xf8jbjerg', u'8.3']","[u'James Ward-Prowse', u'7.8']","[u'Nathan Redmond', u'6.9']","[u'Shane Long', u'7.6']","[u'Danny Ings', u'7.9']","[u'Tim Krul', u'6.5']","[u'Max Aarons', u'6.1']","[u'Christoph Zimmermann', u'7.3']","[u'Ben Godfrey', u'6.8']","[u'Sam Byram', u'6.5']","[u'Ibrahim Amadou', u'6.3']","[u'Tom Trybull', u'6.4']","[u'Todd Cantwell', u'6.4']","[u'Kenny McLean', u'6.6']","[u'Onel Hern\xe1ndez', u'6.1']","[u'Teemu Pukki', u'7.1']","[u'Alexander Tettey', u'7.5']","[u'Marco Stiepermann', u'6.1']","[u'Emiliano Buend\xeda', u'6.2']"
Liverpool 5 : 2 Everton,"[u'Jordan Henderson', u'6.7']","[u'Joseph Gomez', u'6.2']","[u'Roberto Firmino', u'6.7']","[u'Adri\xe1n', u'6.4']","[u'Trent Alexander-Arnold', u'7.5']","[u'Dejan Lovren', u'8.3']","[u'Virgil van Dijk', u'7.3']","[u'Andrew Robertson', u'6.5']","[u'Georginio Wijnaldum', u'8.3']","[u'James Milner', u'6.4']","[u'Xherdan Shaqiri', u'7.6']","[u'Adam Lallana', u'6.7']","[u'Sadio Man\xe9', u'9.2']","[u'Divock Origi', u'8.6']","[u'Jordan Pickford', u'3.7']","[u'Djibril Sidib\xe9', u'6.1']","[u'Yerry Mina', u'6.5']","[u'Michael Keane', u'6.3']","[u'Mason Holgate', u'6.4']","[u'Lucas Digne', u'6.7']","[u'Alex Iwobi', u'6.2']","[u'Gylfi Sigurdsson', u'6.4']","[u'Tom Davies', u'6.1']","[u'Richarlison', u'7.3']","[u'Dominic Calvert-Lewin', u'6.5']","[u'Moise Kean', u'6.0']","[u'Morgan Schneiderlin', u'6.0']","[u'Bernard', u'6.6']"
Sheffield United 0 : 2 Newcastle United,"[u'Luke Freeman', u'6.1']","[u'David McGoldrick', u'6.3']","[u'Lys Mousset', u'6.0']","[u'Dean Henderson', u'6.0']","[u'John Egan', u'6.7']","[u'Chris Basham', u'6.2']","[u""Jack O'Connell"", u'6.1']","[u'George Baldock', u'6.9']","[u'Enda Stevens', u'6.7']","[u'John Lundstram', u'6.5']","[u'John Fleck', u'6.2']","[u'Oliver Norwood', u'6.4']","[u'Billy Sharp', u'6.3']","[u'Oliver McBurnie', u'6.2']","[u'Martin Dubravka', u'8.5']","[u'Javier Manquillo', u'7.8']","[u'Federico Fern\xe1ndez', u'7.7']","[u'Ciaran Clark', u'7.2']","[u'Paul Dummett', u'7.2']","[u'Jetro Willems', u'6.9']","[u'Miguel Almir\xf3n', u'7.0']","[u'Isaac Hayden', u'7.0']","[u'Jonjo Shelvey', u'8.1']","[u'Allan Saint-Maximin', u'7.3']","[u'Andy Carroll', u'7.9']","[u'Emil Krafth', u'6.4']","[u'Christian Atsu', u'6.3']","[u'Joelinton', u'6.3']"
Arsenal 1 : 2 Brighton,"[u'Nicolas P\xe9p\xe9', u'6.8']","[u'Kieran Tierney', u'6.3']","[u'Gabriel Martinelli', u'6.2']","[u'Bernd Leno', u'7.4']","[u'H\xe9ctor Beller\xedn', u'6.2']","[u'David Luiz', u'6.4']","[u'Sokratis', u'6.9']","[u'Sead Kolasinac', u'6.6']","[u'Granit Xhaka', u'6.9']","[u'Lucas Torreira', u'6.7']","[u'Pierre-Emerick Aubameyang', u'6.3']","[u'Joseph Willock', u'6.6']","[u'Mesut \xd6zil', u'6.6']","[u'Alexandre Lacazette', u'7.4']","[u'Mat Ryan', u'7.2']","[u'Steven Alzate', u'6.6']","[u'Adam Webster', u'8.0']","[u'Lewis Dunk', u'6.7']","[u'Dan Burn', u'7.9']","[u'Dale Stephens', u'6.9']","[u'Aaron Mooy', u'8.0']","[u'Davy Pr\xf6pper', u'6.6']","[u'Pascal Gro\xdf', u'6.8']","[u'Neal Maupay', u'7.8']","[u'Aaron Connolly', u'6.3']","[u'Mart\xedn Montoya', u'6.1']","[u'Shane Duffy', u'6.0']","[u'Leandro Trossard', u'6.0']"
Everton 3 : 1 Chelsea,"[u'Tom Davies', u'6.1']","[u'Leighton Baines', u'6.3']","[u'Bernard', u'6.1']","[u'Jordan Pickford', u'6.3']","[u'Djibril Sidib\xe9', u'8.1']","[u'Michael Keane', u'7.3']","[u'Mason Holgate', u'7.0']","[u'Lucas Digne', u'7.4']","[u'Theo Walcott', u'6.5']","[u'Morgan Schneiderlin', u'7.1']","[u'Gylfi Sigurdsson', u'6.9']","[u'Alex Iwobi', u'6.3']","[u'Richarlison', u'7.5']","[u'Dominic Calvert-Lewin', u'9.3']","[u'Kepa Arrizabalaga', u'6.6']","[u'Reece James', u'7.0']","[u'Andreas Christensen', u'6.8']","[u'Kurt Zouma', u'7.0']","[u'C\xe9sar Azpilicueta', u'6.9']","[u'Mateo Kovacic', u'8.4']","[u""N'Golo Kant\xe9"", u'7.2']","[u'Willian', u'7.2']","[u'Mason Mount', u'6.3']","[u'Christian Pulisic', u'6.5']","[u'Tammy Abraham', u'6.1']","[u'Callum Hudson-Odoi', u'6.1']","[u'Michy Batshuayi', u'5.9']"
Tottenham 5 : 0 Burnley,"[u'Troy Parrott', u'6.0']","[u'Ryan Sessegnon', u'6.1']","[u'Oliver Skipp', u'6.0']","[u'Paulo Gazzaniga', u'7.1']","[u'Serge Aurier', u'7.4']","[u'Toby Alderweireld', u'7.1']","[u'Davinson S\xe1nchez', u'7.7']","[u'Jan Vertonghen', u'8.8']","[u'Moussa Sissoko', u'7.9']","[u'Eric Dier', u'7.6']","[u'Lucas Moura', u'8.5']","[u'Dele Alli', u'7.8']","[u'Son Heung-Min', u'9.5']","[u'Harry Kane', u'10']","[u'Nick Pope', u'5.4']","[u'Matthew Lowton', u'6.1']","[u'Ben Mee', u'5.7']","[u'James Tarkowski', u'6.5']","[u'Erik Pieters', u'5.8']","[u'Dwight McNeil', u'6.8']","[u'Jeff Hendrick', u'5.8']","[u'Jack Cork', u'5.8']","[u'Robbie Brady', u'5.7']","[u'Chris Wood', u'6.0']","[u'Jay Rodriguez', u'5.8']","[u'Aaron Lennon', u'5.9']","[u'Matej Vydra', u'5.9']"
Watford 0 : 0 Crystal Palace,"[u'Andre Gray', u'6.1']","[u'Nathaniel Chalobah', u'6.1']","[u'Ben Foster', u'6.6']","[u'Kiko Femen\xeda', u'6.9']","[u'Christian Kabasele', u'7.0']","[u'Craig Cathcart', u'6.6']","[u'Adam Masina', u'7.0']","[u'Etienne Capoue', u'7.1']","[u'Abdoulaye Doucour\xe9', u'6.8']","[u'Ismaila Sarr', u'7.7']","[u'Roberto Pereyra', u'6.7']","[u'Gerard Deulofeu', u'7.3']","[u'Troy Deeney', u'6.9']","[u'Vicente Guaita', u'7.2']","[u'Martin Kelly', u'7.2']","[u'Gary Cahill', u'7.4']","[u'James Tomkins', u'6.7']","[u'Jeffrey Schlupp', u'6.4']","[u'Andros Townsend', u'6.3']","[u'Cheikhou Kouyat\xe9', u'6.9']","[u'Luka Milivojevic', u'6.7']","[u'James McArthur', u'6.8']","[u'Wilfried Zaha', u'7.0']","[u'Jordan Ayew', u'6.5']","[u'Jairo Riedewald', u'6.3']","[u'James McCarthy', u'6.0']","[u'Christian Benteke', u'6.2']"
Bournemouth 0 : 3 Liverpool,"[u'Lewis Cook', u'6.1']","[u'Dan Gosling', u'6.1']","[u'Jack Simpson', u'6.4']","[u'Aaron Ramsdale', u'7.2']","[u'Simon Francis', u'6.1']","[u'Nathan Ak\xe9', u'6.2']","[u'Chris Mepham', u'6.2']","[u'Diego Rico', u'6.7']","[u'Arnaut Danjuma Groeneveld', u'6.0']","[u'Jefferson Lerma', u'6.9']","[u'Philip Billing', u'6.2']","[u'Ryan Fraser', u'5.9']","[u'Callum Wilson', u'5.8']","[u'Dominic Solanke', u'6.0']","[u'Alisson', u'6.6']","[u'Joseph Gomez', u'7.8']","[u'Dejan Lovren', u'6.8']","[u'Virgil van Dijk', u'7.7']","[u'Andrew Robertson', u'6.8']","[u'Naby Keita', u'9.2']","[u'James Milner', u'7.8']","[u'Jordan Henderson', u'8.3']","[u'Mohamed Salah', u'8.3']","[u'Roberto Firmino', u'7.3']","[u'Alex Oxlade-Chamberlain', u'7.4']","[u'Curtis Jones', u'6.1']","[u'Trent Alexander-Arnold', u'6.6']","[u'Xherdan Shaqiri', u'6.1']"
Manchester City 1 : 2 Manchester United,"[u'Ilkay G\xfcndogan', u'6.4']","[u'Nicol\xe1s Otamendi', u'7.0']","[u'Riyad Mahrez', u'7.0']","[u'Ederson', u'7.2']","[u'Kyle Walker', u'6.5']","[u'Fernandinho', u'6.3']","[u'John Stones', u'5.9']","[u'Angeli\xf1o', u'6.7']","[u'Kevin De Bruyne', u'7.5']","[u'Rodrigo', u'7.0']","[u'David Silva', u'6.8']","[u'Bernardo Silva', u'6.2']","[u'Gabriel Jesus', u'6.8']","[u'Raheem Sterling', u'7.4']","[u'David de Gea', u'6.5']","[u'Aaron Wan-Bissaka', u'7.7']","[u'Victor Lindel\xf6f', u'7.2']","[u'Harry Maguire', u'7.2']","[u'Luke Shaw', u'6.7']","[u'Fred', u'6.7']","[u'Scott McTominay', u'7.5']","[u'Daniel James', u'7.3']","[u'Jesse Lingard', u'6.6']","[u'Marcus Rashford', u'7.6']","[u'Anthony Martial', u'7.7']","[u'Ashley Young', u'6.3']","[u'Axel Tuanzebe', u'6.1']","[u'Andreas Pereira', u'6.1']"
Newcastle United 2 : 1 Southampton,"[u'Sean Longstaff', u'6.3']","[u'Andy Carroll', u'7.6']","[u'Fabian Sch\xe4r', u'6.8']","[u'Martin Dubravka', u'6.5']","[u'Javier Manquillo', u'6.6']","[u'Federico Fern\xe1ndez', u'7.6']","[u'Ciaran Clark', u'7.1']","[u'Paul Dummett', u'6.9']","[u'Jetro Willems', u'6.6']","[u'Miguel Almir\xf3n', u'7.2']","[u'Jonjo Shelvey', u'8.2']","[u'Isaac Hayden', u'7.2']","[u'Allan Saint-Maximin', u'7.9']","[u'Joelinton', u'6.8']","[u'Alex McCarthy', u'6.6']","[u'C\xe9dric Soares', u'6.1']","[u'Jan Bednarek', u'6.3']","[u'Jack Stephens', u'6.6']","[u'Ryan Bertrand', u'6.3']","[u'Moussa Djenepo', u'6.5']","[u'Pierre-Emile H\xf8jbjerg', u'6.8']","[u'James Ward-Prowse', u'7.4']","[u'Nathan Redmond', u'7.1']","[u'Shane Long', u'7.6']","[u'Danny Ings', u'7.0']","[u'Che Adams', u'6.0']","[u'Sofiane Boufal', u'6.2']"
Norwich 1 : 2 Sheffield United,"[u'Jamal Lewis', u'6.2']","[u'Todd Cantwell', u'6.4']","[u'Dennis Srbeny', u'5.9']","[u'Tim Krul', u'6.1']","[u'Max Aarons', u'6.3']","[u'Christoph Zimmermann', u'6.9']","[u'Ben Godfrey', u'5.9']","[u'Sam Byram', u'6.3']","[u'Mario Vrancic', u'5.6']","[u'Alexander Tettey', u'7.5']","[u'Emiliano Buend\xeda', u'8.1']","[u'Kenny McLean', u'7.0']","[u'Onel Hern\xe1ndez', u'6.4']","[u'Teemu Pukki', u'6.6']","[u'Dean Henderson', u'6.8']","[u'John Egan', u'7.2']","[u'Chris Basham', u'7.2']","[u""Jack O'Connell"", u'7.1']","[u'George Baldock', u'8.1']","[u'Enda Stevens', u'7.6']","[u'John Lundstram', u'6.8']","[u'John Fleck', u'7.0']","[u'Oliver Norwood', u'6.2']","[u'Lys Mousset', u'6.9']","[u'David McGoldrick', u'7.7']","[u'Oliver McBurnie', u'6.2']","[u'Callum Robinson', u'5.8']","[u'Muhamed Besic', u'6.8']"
Aston Villa 1 : 4 Leicester,"[u'Frederic Guilbert', u'6.0']","[u'Tr\xe9z\xe9guet', u'6.0']","[u'Bj\xf6rn Engels', u'6.6']","[u'Tom Heaton', u'6.0']","[u'Ahmed El Mohamady', u'6.5']","[u'Ezri Konsa Ngoyo', u'6.5']","[u'Tyrone Mings', u'5.8']","[u'Matt Targett', u'6.2']","[u'Marvelous Nakamba', u'5.7']","[u'Anwar El Ghazi', u'6.7']","[u'Douglas Luiz', u'6.0']","[u'John McGinn', u'6.6']","[u'Jack Grealish', u'7.8']","[u'Wesley', u'6.4']","[u'Kasper Schmeichel', u'6.8']","[u'Ricardo Pereira', u'8.0']","[u'\xc7aglar S\xf6y\xfcnc\xfc', u'7.3']","[u'Jonny Evans', u'8.1']","[u'Ben Chilwell', u'7.2']","[u'Wilfred Ndidi', u'7.5']","[u'Dennis Praet', u'7.4']","[u'Youri Tielemans', u'6.9']","[u'James Maddison', u'9.1']","[u'Kelechi Iheanacho', u'9.1']","[u'Jamie Vardy', u'9.3']","[u'Marc Albrighton', u'6.3']","[u'James Justin', u'6.1']","[u'Harvey Barnes', u'5.9']"
Brighton 2 : 2 Wolverhampton Wanderers,"[u'Glenn Murray', u'6.1']","[u'Alireza Jahanbakhsh', u'6.1']","[u'Mat Ryan', u'6.7']","[u'Steven Alzate', u'7.0']","[u'Adam Webster', u'6.4']","[u'Lewis Dunk', u'6.5']","[u'Dan Burn', u'6.6']","[u'Aaron Mooy', u'6.0']","[u'Davy Pr\xf6pper', u'6.3']","[u'Dale Stephens', u'7.5']","[u'Pascal Gro\xdf', u'6.9']","[u'Neal Maupay', u'8.1']","[u'Leandro Trossard', u'6.9']","[u'Rui Patr\xedcio', u'5.1']","[u'Leander Dendoncker', u'6.8']","[u'Romain Sa\xefss', u'6.0']","[u'Conor Coady', u'6.3']","[u'Matt Doherty', u'7.0']","[u'Jonny', u'6.5']","[u'Jo\xe3o Moutinho', u'6.6']","[u'R\xfaben Neves', u'6.5']","[u'Adama Traor\xe9', u'8.2']","[u'Ra\xfal Jim\xe9nez', u'7.5']","[u'Diogo Jota', u'8.3']","[u'R\xfaben Vinagre', u'6.0']","[u'Pedro Neto', u'5.9']","[u'Patrick Cutrone', u'6.1']"
Aston Villa 2 : 0 Newcastle United,"[u'Henri Lansbury', u'6.0']","[u'Tom Heaton', u'7.8']","[u'Frederic Guilbert', u'7.5']","[u'Ezri Konsa Ngoyo', u'7.2']","[u'Tyrone Mings', u'7.2']","[u'Matt Targett', u'8.2']","[u'Douglas Luiz', u'7.1']","[u'Conor Hourihane', u'8.4']","[u'John McGinn', u'7.3']","[u'Anwar El Ghazi', u'7.4']","[u'Wesley', u'7.0']","[u'Jack Grealish', u'8.3']","[u'Martin Dubravka', u'7.5']","[u'DeAndre Yedlin', u'6.3']","[u'Federico Fern\xe1ndez', u'6.6']","[u'Ciaran Clark', u'5.9']","[u'Paul Dummett', u'6.3']","[u'Jetro Willems', u'6.7']","[u'Miguel Almir\xf3n', u'6.0']","[u'Jonjo Shelvey', u'6.6']","[u'Isaac Hayden', u'6.5']","[u'Allan Saint-Maximin', u'6.9']","[u'Joelinton', u'7.4']","[u'Dwight Gayle', u'6.1']","[u'Andy Carroll', u'6.7']","[u'Christian Atsu', u'6.0']"
Newcastle United 2 : 2 Manchester City,"[u'Dwight Gayle', u'6.0']","[u'Christian Atsu', u'6.5']","[u'Martin Dubravka', u'7.1']","[u'Javier Manquillo', u'6.3']","[u'Federico Fern\xe1ndez', u'7.7']","[u'Ciaran Clark', u'6.7']","[u'Paul Dummett', u'6.7']","[u'Jetro Willems', u'7.4']","[u'Miguel Almir\xf3n', u'7.6']","[u'Jonjo Shelvey', u'7.7']","[u'Isaac Hayden', u'6.7']","[u'Allan Saint-Maximin', u'7.2']","[u'Joelinton', u'6.9']","[u'Ederson', u'5.7']","[u'Kyle Walker', u'6.5']","[u'Fernandinho', u'6.7']","[u'John Stones', u'7.0']","[u'Benjamin Mendy', u'6.4']","[u'Kevin De Bruyne', u'8.7']","[u'Ilkay G\xfcndogan', u'6.5']","[u'David Silva', u'7.0']","[u'Riyad Mahrez', u'6.8']","[u'Gabriel Jesus', u'7.2']","[u'Raheem Sterling', u'7.2']","[u'Phil Foden', u'6.1']","[u'Rodrigo', u'6.0']","[u'Bernardo Silva', u'5.8']"
Liverpool 2 : 1 Brighton,"[u'Adam Lallana', u'5.8']","[u'Adri\xe1n', u'5.6']","[u'Divock Origi', u'5.8']","[u'Alisson', u'6.3']","[u'Trent Alexander-Arnold', u'7.6']","[u'Dejan Lovren', u'6.5']","[u'Virgil van Dijk', u'8.9']","[u'Andrew Robertson', u'6.6']","[u'Georginio Wijnaldum', u'6.6']","[u'Alex Oxlade-Chamberlain', u'7.5']","[u'Jordan Henderson', u'6.6']","[u'Mohamed Salah', u'6.6']","[u'Roberto Firmino', u'6.4']","[u'Sadio Man\xe9', u'7.8']","[u'Mat Ryan', u'7.2']","[u'Mart\xedn Montoya', u'6.4']","[u'Adam Webster', u'6.8']","[u'Lewis Dunk', u'7.3']","[u'Dan Burn', u'7.3']","[u'Aaron Mooy', u'6.6']","[u'Davy Pr\xf6pper', u'7.1']","[u'Dale Stephens', u'6.3']","[u'Pascal Gro\xdf', u'6.6']","[u'Yves Bissouma', u'6.0']","[u'Aaron Connolly', u'5.9']","[u'Neal Maupay', u'6.1']","[u'Steven Alzate', u'6.4']","[u'Leandro Trossard', u'5.9']"
Burnley 0 : 2 Crystal Palace,"[u'Aaron Lennon', u'6.2']","[u'Jay Rodriguez', u'6.1']","[u'Erik Pieters', u'6.2']","[u'Nick Pope', u'5.3']","[u'Phil Bardsley', u'6.7']","[u'Ben Mee', u'6.6']","[u'James Tarkowski', u'6.6']","[u'Charlie Taylor', u'6.5']","[u'Robbie Brady', u'6.7']","[u'Jeff Hendrick', u'6.8']","[u'Jack Cork', u'6.3']","[u'Dwight McNeil', u'7.0']","[u'Chris Wood', u'6.3']","[u'Ashley Barnes', u'5.7']","[u'Vicente Guaita', u'7.4']","[u'Martin Kelly', u'7.2']","[u'James Tomkins', u'7.8']","[u'Scott Dann', u'7.2']","[u'Patrick van Aanholt', u'7.0']","[u'Andros Townsend', u'7.0']","[u'Cheikhou Kouyat\xe9', u'6.5']","[u'Luka Milivojevic', u'6.2']","[u'James McArthur', u'7.7']","[u'Wilfried Zaha', u'8.6']","[u'Jordan Ayew', u'7.0']","[u'Jeffrey Schlupp', u'7.2']","[u'Mamadou Sakho', u'6.8']","[u'Christian Benteke', u'6.2']"
Chelsea 0 : 1 West Ham
Tottenham 3 : 2 Bournemouth
Southampton 2 : 1 Watford,"[u'Sofiane Boufal', u'7.2']","[u'Shane Long', u'6.3']","[u'Yan Valery', u'6.7']","[u'Alex McCarthy', u'6.6']","[u'C\xe9dric Soares', u'6.2']","[u'Jan Bednarek', u'6.6']","[u'Jack Stephens', u'5.9']","[u'Ryan Bertrand', u'6.5']","[u'Moussa Djenepo', u'8.3']","[u'Pierre-Emile H\xf8jbjerg', u'7.4']","[u'James Ward-Prowse', u'7.3']","[u'Nathan Redmond', u'5.9']","[u'Michael Obafemi', u'6.1']","[u'Danny Ings', u'8.1']","[u'Ben Foster', u'6.1']","[u'Kiko Femen\xeda', u'6.9']","[u'Adrian Mariappa', u'6.7']","[u'Adam Masina', u'6.1']","[u'Craig Cathcart', u'7.3']","[u'Jos\xe9 Holebas', u'6.3']","[u'Etienne Capoue', u'7.4']","[u'Abdoulaye Doucour\xe9', u'6.5']","[u'Will Hughes', u'6.6']","[u'Ismaila Sarr', u'7.7']","[u'Gerard Deulofeu', u'6.0']","[u'Andre Gray', u'5.8']","[u'Nathaniel Chalobah', u'5.9']","[u'Dimitri Foulquier', u'6.1']"
Wolverhampton Wanderers 1 : 1 Sheffield United
Norwich 2 : 2 Arsenal
Manchester United 2 : 2 Aston Villa
Leicester 2 : 1 Everton
West Ham 2 : 3 Tottenham
Watford 0 : 3 Burnley
Arsenal 2 : 2 Southampton,"[u'Bernd Leno', u'7.4']","[u'David Luiz', u'7.3']","[u'Sokratis', u'6.6']","[u'Calum Chambers', u'6.3']","[u'H\xe9ctor Beller\xedn', u'6.7']","[u'Matteo Guendouzi', u'7.8']","[u'Lucas Torreira', u'6.5']","[u'Kieran Tierney', u'6.1']","[u'Mesut \xd6zil', u'7.6']","[u'Alexandre Lacazette', u'9.0']","[u'Pierre-Emerick Aubameyang', u'6.6']","[u'Gabriel Martinelli', u'6.3']","[u'Joseph Willock', u'7.0']","[u'Nicolas P\xe9p\xe9', u'6.7']","[u'Alex McCarthy', u'7.0']","[u'C\xe9dric Soares', u'6.3']","[u'Jan Bednarek', u'6.9']","[u'Jack Stephens', u'6.2']","[u'Ryan Bertrand', u'7.0']","[u'Stuart Armstrong', u'6.4']","[u'Pierre-Emile H\xf8jbjerg', u'7.2']","[u'James Ward-Prowse', u'7.3']","[u'Nathan Redmond', u'7.2']","[u'Michael Obafemi', u'6.7']","[u'Danny Ings', u'7.5']","[u'Shane Long', u'6.1']","[u'Moussa Djenepo', u'6.4']","[u'Sofiane Boufal', u'6.6']"
Bournemouth 1 : 2 Wolverhampton Wanderers
Brighton 0 : 2 Leicester
Crystal Palace 1 : 2 Liverpool
Everton 0 : 2 Norwich,"[u'Dominic Calvert-Lewin', u'6.4']","[u'Alex Iwobi', u'6.5']","[u'S\xe9amus Coleman', u'6.1']","[u'Jordan Pickford', u'6.5']","[u'Djibril Sidib\xe9', u'6.5']","[u'Yerry Mina', u'6.1']","[u'Mason Holgate', u'6.1']","[u'Lucas Digne', u'7.2']","[u'Morgan Schneiderlin', u'6.5']","[u'Tom Davies', u'6.4']","[u'Theo Walcott', u'5.9']","[u'Gylfi Sigurdsson', u'5.8']","[u'Richarlison', u'6.5']","[u'Cenk Tosun', u'6.3']","[u'Tim Krul', u'8.7']","[u'Max Aarons', u'7.0']","[u'Christoph Zimmermann', u'6.9']","[u'Ben Godfrey', u'7.2']","[u'Sam Byram', u'7.1']","[u'Tom Trybull', u'7.6']","[u'Alexander Tettey', u'6.9']","[u'Todd Cantwell', u'8.1']","[u'Kenny McLean', u'8.3']","[u'Onel Hern\xe1ndez', u'7.5']","[u'Teemu Pukki', u'6.8']","[u'Dennis Srbeny', u'6.9']","[u'Ibrahim Amadou', u'6.2']","[u'Emiliano Buend\xeda', u'6.2']"
Manchester City 2 : 1 Chelsea
Sheffield United 3 : 3 Manchester United
Norwich 0 : 2 Watford
Chelsea 2 : 0 Crystal Palace
Burnley 3 : 0 West Ham
Southampton 1 : 2 Everton
Tottenham 1 : 1 Sheffield United
Newcastle United 2 : 1 Bournemouth,"[u'Martin Dubravka', u'7.0']","[u'DeAndre Yedlin', u'7.4']","[u'Federico Fern\xe1ndez', u'7.1']","[u'Ciaran Clark', u'7.8']","[u'Jamaal Lascelles', u'5.9']","[u'Jetro Willems', u'7.6']","[u'Miguel Almir\xf3n', u'6.3']","[u'Isaac Hayden', u'6.5']","[u'Jonjo Shelvey', u'7.0']","[u'Allan Saint-Maximin', u'7.5']","[u'Joelinton', u'7.1']","[u'Christian Atsu', u'6.0']","[u'Andy Carroll', u'6.4']","[u'Paul Dummett', u'6.5']","[u'Aaron Ramsdale', u'7.9']","[u'Adam Smith', u'6.2']","[u'Nathan Ak\xe9', u'6.7']","[u'Steve Cook', u'6.5']","[u'Diego Rico', u'6.0']","[u'Harry Wilson', u'7.4']","[u'Philip Billing', u'7.5']","[u'Lewis Cook', u'7.0']","[u'Ryan Fraser', u'6.8']","[u'Joshua King', u'6.4']","[u'Callum Wilson', u'6.0']","[u'Arnaut Danjuma Groeneveld', u'6.1']","[u'Dominic Solanke', u'6.1']","[u'Simon Francis', u'6.2']"
Leicester 2 : 0 Arsenal,"[u'Demarai Gray', u'6.9']","[u'Dennis Praet', u'6.3']","[u'Kasper Schmeichel', u'7.0']","[u'Ricardo Pereira', u'8.0']","[u'\xc7aglar S\xf6y\xfcnc\xfc', u'7.2']","[u'Jonny Evans', u'7.3']","[u'Ben Chilwell', u'6.9']","[u'Wilfred Ndidi', u'8.6']","[u'Ayoze P\xe9rez', u'6.4']","[u'Youri Tielemans', u'7.5']","[u'James Maddison', u'8.2']","[u'Harvey Barnes', u'6.7']","[u'Jamie Vardy', u'7.9']","[u'Bernd Leno', u'6.9']","[u'David Luiz', u'6.2']","[u'Rob Holding', u'6.3']","[u'Calum Chambers', u'6.3']","[u'H\xe9ctor Beller\xedn', u'5.7']","[u'Matteo Guendouzi', u'6.6']","[u'Lucas Torreira', u'5.9']","[u'Sead Kolasinac', u'6.3']","[u'Mesut \xd6zil', u'6.2']","[u'Alexandre Lacazette', u'6.2']","[u'Pierre-Emerick Aubameyang', u'6.5']","[u'Nicolas P\xe9p\xe9', u'6.5']","[u'Joseph Willock', u'6.3']"
Wolverhampton Wanderers 2 : 1 Aston Villa
Manchester United 3 : 1 Brighton
Liverpool 3 : 1 Manchester City
Bournemouth 1 : 0 Manchester United
Brighton 2 : 0 Norwich
Arsenal 1 : 1 Wolverhampton Wanderers
Aston Villa 1 : 2 Liverpool
Manchester City 2 : 1 Southampton
Sheffield United 3 : 0 Burnley,"[u'Oliver McBurnie', u'6.2']","[u'Billy Sharp', u'6.5']","[u'Phil Jagielka', u'6.2']","[u'Dean Henderson', u'6.9']","[u'John Egan', u'7.7']","[u'Chris Basham', u'7.0']","[u""Jack O'Connell"", u'7.4']","[u'George Baldock', u'7.5']","[u'Enda Stevens', u'7.5']","[u'John Lundstram', u'8.5']","[u'John Fleck', u'8.3']","[u'Oliver Norwood', u'7.7']","[u'Lys Mousset', u'8.6']","[u'David McGoldrick', u'7.5']","[u'Nick Pope', u'6.1']","[u'Matthew Lowton', u'5.9']","[u'Ben Mee', u'6.3']","[u'James Tarkowski', u'5.8']","[u'Erik Pieters', u'5.8']","[u'Jeff Hendrick', u'5.8']","[u'Ashley Westwood', u'6.0']","[u'Jack Cork', u'6.1']","[u'Dwight McNeil', u'5.5']","[u'Ashley Barnes', u'5.8']","[u'Jay Rodriguez', u'5.9']","[u'Charlie Taylor', u'6.3']","[u'Robbie Brady', u'6.2']","[u'Matej Vydra', u'6.0']"
West Ham 2 : 3 Newcastle United,"[u'Roberto Jim\xe9nez', u'6.4']","[u'Pablo Zabaleta', u'6.0']","[u'Issa Diop', u'6.2']","[u'Fabi\xe1n Balbuena', u'7.4']","[u'Aaron Cresswell', u'5.9']","[u'Declan Rice', u'6.0']","[u'Andriy Yarmolenko', u'5.8']","[u'Mark Noble', u'5.7']","[u'Robert Snodgrass', u'7.9']","[u'Felipe Anderson', u'7.6']","[u'S\xe9bastien Haller', u'7.1']","[u'Manuel Lanzini', u'7.2']","[u'Albian Ajeti', u'6.1']","[u'Ryan Fredericks', u'6.3']","[u'Martin Dubravka', u'7.1']","[u'DeAndre Yedlin', u'6.1']","[u'Federico Fern\xe1ndez', u'7.8']","[u'Ciaran Clark', u'7.9']","[u'Jamaal Lascelles', u'6.7']","[u'Jetro Willems', u'8.2']","[u'Miguel Almir\xf3n', u'6.9']","[u'Jonjo Shelvey', u'8.1']","[u'Isaac Hayden', u'7.6']","[u'Allan Saint-Maximin', u'7.6']","[u'Joelinton', u'7.6']","[u'Christian Atsu', u'6.3']","[u'Andy Carroll', u'6.0']","[u'Paul Dummett', u'6.0']"
Watford 1 : 2 Chelsea,"[u'Ben Foster', u'7.8']","[u'Daryl Janmaat', u'6.4']","[u'Christian Kabasele', u'6.3']","[u'Craig Dawson', u'6.3']","[u'Craig Cathcart', u'5.8']","[u'Adam Masina', u'6.8']","[u'Gerard Deulofeu', u'7.5']","[u'Abdoulaye Doucour\xe9', u'7.1']","[u'Nathaniel Chalobah', u'6.3']","[u'Roberto Pereyra', u'6.2']","[u'Andre Gray', u'6.0']","[u'Adrian Mariappa', u'6.3']","[u'Kiko Femen\xeda', u'6.5']","[u'Will Hughes', u'6.1']","[u'Kepa Arrizabalaga', u'6.5']","[u'C\xe9sar Azpilicueta', u'6.7']","[u'Kurt Zouma', u'7.5']","[u'Fikayo Tomori', u'6.9']","[u'Emerson', u'6.6']","[u'Mateo Kovacic', u'7.8']","[u'Jorginho', u'7.4']","[u'Willian', u'7.2']","[u'Mason Mount', u'6.9']","[u'Christian Pulisic', u'8.1']","[u'Tammy Abraham', u'7.9']","[u'Michy Batshuayi', u'6.0']","[u'Callum Hudson-Odoi', u'6.1']","[u'Reece James', u'6.0']"
Crystal Palace 0 : 2 Leicester
Everton 1 : 1 Tottenham
Sheffield United 1 : 0 Arsenal
Southampton 0 : 9 Leicester
Manchester City 3 : 0 Aston Villa
Watford 0 : 0 Bournemouth
West Ham 1 : 1 Sheffield United,"[u'Albian Ajeti', u'6.0']","[u'Pablo Fornals', u'6.4']","[u'Manuel Lanzini', u'6.1']","[u'Roberto Jim\xe9nez', u'6.4']","[u'Pablo Zabaleta', u'6.8']","[u'Issa Diop', u'6.9']","[u'Fabi\xe1n Balbuena', u'6.9']","[u'Aaron Cresswell', u'6.9']","[u'Declan Rice', u'7.2']","[u'Andriy Yarmolenko', u'7.3']","[u'Mark Noble', u'6.0']","[u'Robert Snodgrass', u'7.6']","[u'Felipe Anderson', u'7.0']","[u'S\xe9bastien Haller', u'6.5']","[u'Dean Henderson', u'6.9']","[u'John Egan', u'7.0']","[u'Chris Basham', u'7.6']","[u""Jack O'Connell"", u'7.0']","[u'George Baldock', u'6.4']","[u'Enda Stevens', u'6.9']","[u'John Lundstram', u'6.9']","[u'John Fleck', u'6.7']","[u'Oliver Norwood', u'6.3']","[u'David McGoldrick', u'7.3']","[u'Callum Robinson', u'6.0']","[u'Billy Sharp', u'6.0']","[u'Lys Mousset', u'7.3']","[u'Muhamed Besic', u'6.5']"
Brighton 3 : 2 Everton
Burnley 2 : 4 Chelsea
Newcastle United 1 : 1 Wolverhampton Wanderers
Norwich 1 : 3 Manchester United
Liverpool 2 : 1 Tottenham
Arsenal 2 : 2 Crystal Palace
Everton 2 : 0 West Ham,"[u'Jordan Pickford', u'7.5']","[u'Djibril Sidib\xe9', u'7.4']","[u'Yerry Mina', u'7.7']","[u'Michael Keane', u'7.9']","[u'Lucas Digne', u'7.8']","[u'Andr\xe9 Gomes', u'7.1']","[u'Tom Davies', u'7.0']","[u'Theo Walcott', u'8.1']","[u'Alex Iwobi', u'6.9']","[u'Bernard', u'7.8']","[u'Richarlison', u'7.7']","[u'Gylfi Sigurdsson', u'7.4']","[u'Moise Kean', u'6.2']","[u'Mason Holgate', u'6.1']","[u'Roberto Jim\xe9nez', u'7.9']","[u'Ryan Fredericks', u'6.2']","[u'Issa Diop', u'6.7']","[u'Angelo Ogbonna', u'7.3']","[u'Arthur Masuaku', u'6.5']","[u'Declan Rice', u'6.2']","[u'Pablo Fornals', u'6.1']","[u'Manuel Lanzini', u'7.0']","[u'Mark Noble', u'6.0']","[u'Felipe Anderson', u'6.4']","[u'S\xe9bastien Haller', u'6.7']","[u'Albian Ajeti', u'5.8']","[u'Andriy Yarmolenko', u'6.1']","[u'Jack Wilshere', u'5.8']"
Leicester 2 : 1 Burnley
Tottenham 1 : 1 Watford
Wolverhampton Wanderers 1 : 1 Southampton
Aston Villa 2 : 1 Brighton
Bournemouth 0 : 0 Norwich
Chelsea 1 : 0 Newcastle United
Crystal Palace 0 : 2 Manchester City
Manchester United 1 : 1 Liverpool,"[u'David de Gea', u'6.4']","[u'Marcos Rojo', u'6.2']","[u'Victor Lindel\xf6f', u'6.4']","[u'Harry Maguire', u'6.6']","[u'Aaron Wan-Bissaka', u'6.6']","[u'Fred', u'6.2']","[u'Scott McTominay', u'6.7']","[u'Ashley Young', u'6.5']","[u'Andreas Pereira', u'6.7']","[u'Marcus Rashford', u'7.8']","[u'Daniel James', u'7.2']","[u'Anthony Martial', u'5.8']","[u'Brandon Williams', u'6.0']","[u'Alisson', u'6.3']","[u'Trent Alexander-Arnold', u'6.5']","[u'Joel Matip', u'6.9']","[u'Virgil van Dijk', u'6.6']","[u'Andrew Robertson', u'7.8']","[u'Fabinho', u'6.6']","[u'Georginio Wijnaldum', u'6.7']","[u'Jordan Henderson', u'6.4']","[u'Sadio Man\xe9', u'6.6']","[u'Roberto Firmino', u'6.7']","[u'Divock Origi', u'6.2']","[u'Naby Keita', u'6.1']","[u'Alex Oxlade-Chamberlain', u'6.3']","[u'Adam Lallana', u'7.0']"
Manchester United 1 : 1 Arsenal
Brighton 3 : 0 Tottenham
Burnley 1 : 0 Everton
Liverpool 2 : 1 Leicester
Norwich 1 : 5 Aston Villa
Watford 0 : 0 Sheffield United
West Ham 1 : 2 Crystal Palace
Southampton 1 : 4 Chelsea,"[u'Che Adams', u'5.8']","[u'Sofiane Boufal', u'5.9']","[u'Michael Obafemi', u'6.1']","[u'Angus Gunn', u'5.4']","[u'Yan Valery', u'6.9']","[u'Maya Yoshida', u'5.7']","[u'Jan Bednarek', u'5.5']","[u'Ryan Bertrand', u'6.0']","[u'Pierre-Emile H\xf8jbjerg', u'6.1']","[u'Oriol Romeu', u'6.2']","[u'James Ward-Prowse', u'6.3']","[u'Nathan Redmond', u'6.5']","[u'Danny Ings', u'7.2']","[u'Shane Long', u'6.7']","[u'Kepa Arrizabalaga', u'6.0']","[u'C\xe9sar Azpilicueta', u'6.6']","[u'Kurt Zouma', u'7.1']","[u'Fikayo Tomori', u'6.4']","[u'Marcos Alonso', u'7.9']","[u""N'Golo Kant\xe9"", u'8.0']","[u'Jorginho', u'7.5']","[u'Mason Mount', u'7.1']","[u'Willian', u'7.9']","[u'Tammy Abraham', u'8.0']","[u'Callum Hudson-Odoi', u'7.1']","[u'Christian Pulisic', u'6.9']","[u'Mateo Kovacic', u'6.2']","[u'Michy Batshuayi', u'7.0']"
Arsenal 1 : 0 Bournemouth
Manchester City 0 : 2 Wolverhampton Wanderers
Newcastle United 1 : 0 Manchester United
Sheffield United 0 : 1 Liverpool
Tottenham 2 : 1 Southampton
Wolverhampton Wanderers 2 : 0 Watford
Aston Villa 2 : 2 Burnley
Bournemouth 2 : 2 West Ham,"[u'Lewis Cook', u'6.0']","[u'Simon Francis', u'6.1']","[u'Arnaut Danjuma Groeneveld', u'6.5']","[u'Aaron Ramsdale', u'6.9']","[u'Jack Stacey', u'6.6']","[u'Nathan Ak\xe9', u'7.1']","[u'Steve Cook', u'6.5']","[u'Diego Rico', u'7.2']","[u'Harry Wilson', u'6.6']","[u'Jefferson Lerma', u'7.0']","[u'Philip Billing', u'6.6']","[u'Joshua King', u'7.7']","[u'Callum Wilson', u'7.6']","[u'Dominic Solanke', u'6.7']","[u'Lukasz Fabianski', u'5.8']","[u'Ryan Fredericks', u'7.3']","[u'Issa Diop', u'6.6']","[u'Angelo Ogbonna', u'6.5']","[u'Aaron Cresswell', u'7.2']","[u'Declan Rice', u'8.2']","[u'Andriy Yarmolenko', u'7.8']","[u'Pablo Fornals', u'6.4']","[u'Mark Noble', u'6.1']","[u'Felipe Anderson', u'7.5']","[u'S\xe9bastien Haller', u'7.7']","[u'Jack Wilshere', u'5.9']","[u'Roberto Jim\xe9nez', u'6.4']","[u'Manuel Lanzini', u'6.4']"
Chelsea 2 : 0 Brighton
Crystal Palace 2 : 0 Norwich,"[u'Andros Townsend', u'7.5']","[u'James McCarthy', u'6.1']","[u'Max Meyer', u'6.1']","[u'Vicente Guaita', u'7.5']","[u'Joel Ward', u'7.4']","[u'Martin Kelly', u'6.9']","[u'Gary Cahill', u'7.5']","[u'Patrick van Aanholt', u'6.6']","[u'Wilfried Zaha', u'7.7']","[u'Cheikhou Kouyat\xe9', u'6.7']","[u'Luka Milivojevic', u'8.0']","[u'James McArthur', u'7.2']","[u'Jeffrey Schlupp', u'7.0']","[u'Jordan Ayew', u'6.5']","[u'Ralf F\xe4hrmann', u'6.1']","[u'Max Aarons', u'6.0']","[u'Ibrahim Amadou', u'6.4']","[u'Ben Godfrey', u'6.5']","[u'Jamal Lewis', u'6.5']","[u'Moritz Leitner', u'6.8']","[u'Kenny McLean', u'6.7']","[u'Emiliano Buend\xeda', u'7.4']","[u'Marco Stiepermann', u'6.2']","[u'Todd Cantwell', u'6.0']","[u'Teemu Pukki', u'6.5']","[u'Michael McGovern', u'5.9']","[u'Patrick Roberts', u'6.4']","[u'Josip Drmic', u'5.7']"
Everton 1 : 3 Manchester City
Leicester 5 : 0 Newcastle United
Aston Villa 0 : 0 West Ham,"[u'Keinan Davis', u'5.9']","[u'Ahmed El Mohamady', u'6.3']","[u'Douglas Luiz', u'6.3']","[u'Tom Heaton', u'6.5']","[u'Frederic Guilbert', u'7.8']","[u'Bj\xf6rn Engels', u'7.1']","[u'Tyrone Mings', u'7.1']","[u'Neil Taylor', u'6.8']","[u'Marvelous Nakamba', u'7.4']","[u'Jack Grealish', u'7.3']","[u'John McGinn', u'6.9']","[u'Jota', u'6.1']","[u'Wesley', u'6.4']","[u'Anwar El Ghazi', u'7.0']","[u'Lukasz Fabianski', u'7.7']","[u'Ryan Fredericks', u'7.1']","[u'Issa Diop', u'7.3']","[u'Angelo Ogbonna', u'6.5']","[u'Arthur Masuaku', u'5.5']","[u'Declan Rice', u'7.6']","[u'Andriy Yarmolenko', u'6.2']","[u'Manuel Lanzini', u'7.1']","[u'Mark Noble', u'6.6']","[u'Felipe Anderson', u'7.3']","[u'S\xe9bastien Haller', u'6.8']","[u'Pablo Fornals', u'6.2']","[u'Fabi\xe1n Balbuena', u'6.0']","[u'Pablo Zabaleta', u'6.0']"
Southampton 1 : 3 Bournemouth
Leicester 2 : 1 Tottenham
Manchester City 8 : 0 Watford
Burnley 2 : 0 Norwich
Everton 0 : 2 Sheffield United
Newcastle United 0 : 0 Brighton
Crystal Palace 1 : 1 Wolverhampton Wanderers
West Ham 2 : 0 Manchester United
Chelsea 1 : 2 Liverpool
Arsenal 3 : 2 Aston Villa
Liverpool 3 : 1 Newcastle United
Manchester United 1 : 0 Leicester
Brighton 1 : 1 Burnley
Sheffield United 0 : 1 Southampton
Tottenham 4 : 0 Crystal Palace
Wolverhampton Wanderers 2 : 5 Chelsea
Norwich 3 : 2 Manchester City
Bournemouth 3 : 1 Everton,"[u'Chris Mepham', u'6.0']","[u'Ryan Fraser', u'7.5']","[u'Jefferson Lerma', u'6.2']","[u'Aaron Ramsdale', u'7.3']","[u'Jack Stacey', u'6.5']","[u'Nathan Ak\xe9', u'7.1']","[u'Steve Cook', u'7.4']","[u'Diego Rico', u'7.8']","[u'Harry Wilson', u'6.1']","[u'Philip Billing', u'7.3']","[u'Lewis Cook', u'6.5']","[u'Joshua King', u'8.2']","[u'Callum Wilson', u'7.8']","[u'Dominic Solanke', u'7.1']","[u'Jordan Pickford', u'5.6']","[u'S\xe9amus Coleman', u'6.8']","[u'Yerry Mina', u'6.6']","[u'Michael Keane', u'6.3']","[u'Lucas Digne', u'6.6']","[u'Morgan Schneiderlin', u'6.2']","[u'Fabian Delph', u'6.4']","[u'Richarlison', u'7.7']","[u'Gylfi Sigurdsson', u'6.2']","[u'Alex Iwobi', u'6.6']","[u'Dominic Calvert-Lewin', u'7.0']","[u'Theo Walcott', u'6.2']","[u'Moise Kean', u'5.9']","[u'Bernard', u'5.9']"
Watford 2 : 2 Arsenal
Southampton 1 : 1 Manchester United,"[u'Stuart Armstrong', u'5.9']","[u'Maya Yoshida', u'6.2']","[u'Shane Long', u'6.3']","[u'Angus Gunn', u'7.4']","[u'C\xe9dric Soares', u'6.7']","[u'Jannik Vestergaard', u'7.9']","[u'Jan Bednarek', u'7.0']","[u'Kevin Danso', u'5.7']","[u'Pierre-Emile H\xf8jbjerg', u'7.3']","[u'Oriol Romeu', u'7.1']","[u'Sofiane Boufal', u'6.5']","[u'James Ward-Prowse', u'6.3']","[u'Danny Ings', u'6.8']","[u'Che Adams', u'6.2']","[u'David de Gea', u'6.5']","[u'Aaron Wan-Bissaka', u'7.7']","[u'Victor Lindel\xf6f', u'7.1']","[u'Harry Maguire', u'6.6']","[u'Ashley Young', u'6.2']","[u'Paul Pogba', u'7.0']","[u'Scott McTominay', u'7.6']","[u'Andreas Pereira', u'6.3']","[u'Juan Mata', u'6.5']","[u'Daniel James', u'8.0']","[u'Marcus Rashford', u'7.0']","[u'Mason Greenwood', u'6.1']","[u'Jesse Lingard', u'6.1']","[u'Nemanja Matic', u'6.2']"
West Ham 2 : 0 Norwich
Leicester 3 : 1 Bournemouth
Manchester City 4 : 0 Brighton
Newcastle United 1 : 1 Watford
Chelsea 2 : 2 Sheffield United
Crystal Palace 1 : 0 Aston Villa,"[u'Vicente Guaita', u'7.1']","[u'Joel Ward', u'7.0']","[u'Martin Kelly', u'6.8']","[u'Gary Cahill', u'7.3']","[u'Patrick van Aanholt', u'6.9']","[u'Cheikhou Kouyat\xe9', u'6.9']","[u'Luka Milivojevic', u'7.5']","[u'James McArthur', u'7.1']","[u'Wilfried Zaha', u'7.2']","[u'Jordan Ayew', u'7.7']","[u'Jeffrey Schlupp', u'7.3']","[u'Christian Benteke', u'6.0']","[u'Mamadou Sakho', u'6.1']","[u'Andros Townsend', u'6.5']","[u'Tom Heaton', u'6.7']","[u'Frederic Guilbert', u'6.9']","[u'Bj\xf6rn Engels', u'6.9']","[u'Tyrone Mings', u'6.6']","[u'Neil Taylor', u'6.4']","[u'Douglas Luiz', u'6.7']","[u'Jack Grealish', u'6.3']","[u'John McGinn', u'7.7']","[u'Jota', u'6.2']","[u'Wesley', u'6.7']","[u'Tr\xe9z\xe9guet', u'5.2']","[u'Conor Hourihane', u'6.3']","[u'Henri Lansbury', u'6.0']","[u'Keinan Davis', u'6.5']"
Burnley 0 : 3 Liverpool
Everton 3 : 2 Wolverhampton Wanderers
Arsenal 2 : 2 Tottenham
Wolverhampton Wanderers 1 : 1 Manchester United
Aston Villa 2 : 0 Everton,"[u'Anwar El Ghazi', u'7.4']","[u'Ahmed El Mohamady', u'6.1']","[u'Tom Heaton', u'6.8']","[u'Frederic Guilbert', u'7.2']","[u'Bj\xf6rn Engels', u'7.3']","[u'Tyrone Mings', u'7.3']","[u'Neil Taylor', u'6.8']","[u'Douglas Luiz', u'6.9']","[u'Jota', u'7.9']","[u'Jack Grealish', u'7.0']","[u'John McGinn', u'7.9']","[u'Tr\xe9z\xe9guet', u'6.3']","[u'Wesley', u'7.4']","[u'Jordan Pickford', u'5.8']","[u'S\xe9amus Coleman', u'6.6']","[u'Yerry Mina', u'5.9']","[u'Michael Keane', u'6.3']","[u'Lucas Digne', u'6.7']","[u'Morgan Schneiderlin', u'6.9']","[u'Andr\xe9 Gomes', u'5.8']","[u'Richarlison', u'6.9']","[u'Gylfi Sigurdsson', u'6.3']","[u'Bernard', u'6.0']","[u'Dominic Calvert-Lewin', u'6.3']","[u'Theo Walcott', u'5.7']","[u'Alex Iwobi', u'7.0']","[u'Moise Kean', u'6.3']"
Norwich 2 : 3 Chelsea
Sheffield United 1 : 2 Leicester
Manchester United 1 : 2 Crystal Palace
Brighton 0 : 2 Southampton
Watford 1 : 3 West Ham,"[u'Danny Welbeck', u'6.2']","[u'Ismaila Sarr', u'6.1']","[u'Domingos Quina', u'6.0']","[u'Ben Foster', u'7.1']","[u'Kiko Femen\xeda', u'6.2']","[u'Craig Dawson', u'6.0']","[u'Craig Cathcart', u'6.2']","[u'Jos\xe9 Holebas', u'6.5']","[u'Etienne Capoue', u'6.8']","[u'Abdoulaye Doucour\xe9', u'7.1']","[u'Will Hughes', u'7.0']","[u'Tom Cleverley', u'6.5']","[u'Gerard Deulofeu', u'7.1']","[u'Andre Gray', u'7.5']","[u'Lukasz Fabianski', u'6.7']","[u'Ryan Fredericks', u'6.5']","[u'Issa Diop', u'6.7']","[u'Angelo Ogbonna', u'7.0']","[u'Arthur Masuaku', u'7.7']","[u'Mark Noble', u'7.1']","[u'Declan Rice', u'7.4']","[u'Andriy Yarmolenko', u'7.1']","[u'Manuel Lanzini', u'7.5']","[u'Felipe Anderson', u'8.4']","[u'S\xe9bastien Haller', u'9.0']","[u'Michail Antonio', u'6.6']","[u'Pablo Fornals', u'6.4']","[u'Carlos S\xe1nchez', u'6.0']"
Liverpool 3 : 1 Arsenal,"[u'Adri\xe1n', u'6.0']","[u'Trent Alexander-Arnold', u'7.6']","[u'Joel Matip', u'8.3']","[u'Virgil van Dijk', u'6.2']","[u'Andrew Robertson', u'7.3']","[u'Fabinho', u'7.4']","[u'Georginio Wijnaldum', u'7.0']","[u'Jordan Henderson', u'6.9']","[u'Mohamed Salah', u'8.6']","[u'Roberto Firmino', u'7.0']","[u'Sadio Man\xe9', u'7.7']","[u'Alex Oxlade-Chamberlain', u'5.9']","[u'James Milner', u'6.2']","[u'Adam Lallana', u'5.9']","[u'Bernd Leno', u'6.2']","[u'Ainsley Maitland-Niles', u'6.4']","[u'David Luiz', u'5.8']","[u'Sokratis', u'6.8']","[u'Nacho Monreal', u'5.8']","[u'Matteo Guendouzi', u'6.9']","[u'Granit Xhaka', u'6.4']","[u'Joseph Willock', u'5.6']","[u'Dani Ceballos', u'5.7']","[u'Pierre-Emerick Aubameyang', u'6.2']","[u'Nicolas P\xe9p\xe9', u'7.4']","[u'Henrikh Mkhitaryan', u'6.2']","[u'Alexandre Lacazette', u'6.1']","[u'Lucas Torreira', u'7.6']"
Bournemouth 1 : 3 Manchester City
Wolverhampton Wanderers 1 : 1 Burnley
Tottenham 0 : 1 Newcastle United
Arsenal 2 : 1 Burnley
Aston Villa 1 : 2 Bournemouth
Brighton 1 : 1 West Ham
Everton 1 : 0 Watford
Norwich 3 : 1 Newcastle United,"[u'Sam Byram', u'6.0']","[u'Alexander Tettey', u'5.9']","[u'Mario Vrancic', u'6.0']","[u'Tim Krul', u'6.9']","[u'Max Aarons', u'6.2']","[u'Ben Godfrey', u'6.6']","[u'Grant Hanley', u'7.1']","[u'Jamal Lewis', u'7.4']","[u'Moritz Leitner', u'7.2']","[u'Tom Trybull', u'7.8']","[u'Todd Cantwell', u'7.5']","[u'Marco Stiepermann', u'7.3']","[u'Emiliano Buend\xeda', u'7.1']","[u'Teemu Pukki', u'10']","[u'Martin Dubravka', u'6.5']","[u'Fabian Sch\xe4r', u'6.7']","[u'Jamaal Lascelles', u'6.4']","[u'Paul Dummett', u'5.9']","[u'Emil Krafth', u'5.8']","[u'Matt Ritchie', u'6.9']","[u'Jonjo Shelvey', u'7.4']","[u'Isaac Hayden', u'6.2']","[u'Ki Sung-Yueng', u'6.3']","[u'Joelinton', u'5.9']","[u'Miguel Almir\xf3n', u'6.1']","[u'Sean Longstaff', u'6.5']","[u'Yoshinori Muto', u'5.9']"
Southampton 1 : 2 Liverpool
Manchester City 2 : 2 Tottenham
Sheffield United 1 : 0 Crystal Palace
Chelsea 1 : 1 Leicester
Arsenal 2 : 1 Burnley
Aston Villa 1 : 2 Bournemouth,"[u'Keinan Davis', u'6.1']","[u'Jota', u'6.2']","[u'Tom Heaton', u'5.6']","[u'Ahmed El Mohamady', u'7.7']","[u'Bj\xf6rn Engels', u'6.8']","[u'Tyrone Mings', u'7.1']","[u'Neil Taylor', u'6.3']","[u'Douglas Luiz', u'6.8']","[u'Jack Grealish', u'7.0']","[u'John McGinn', u'7.0']","[u'Tr\xe9z\xe9guet', u'6.4']","[u'Wesley', u'6.7']","[u'Anwar El Ghazi', u'6.3']","[u'Aaron Ramsdale', u'7.5']","[u'Adam Smith', u'6.7']","[u'Nathan Ak\xe9', u'6.8']","[u'Steve Cook', u'7.4']","[u'Charlie Daniels', u'6.7']","[u'Harry Wilson', u'7.2']","[u'Jefferson Lerma', u'6.7']","[u'Philip Billing', u'6.7']","[u'Ryan Fraser', u'6.3']","[u'Joshua King', u'7.1']","[u'Callum Wilson', u'7.0']","[u'Dominic Solanke', u'6.3']","[u'Andrew Surman', u'6.1']"
Brighton 1 : 1 West Ham
Everton 1 : 0 Watford
Norwich 3 : 1 Newcastle United
Southampton 1 : 2 Liverpool
Manchester City 2 : 2 Tottenham
Sheffield United 1 : 0 Crystal Palace
Chelsea 1 : 1 Leicester
